ADL-funksjon	N	ADL-toiminto
ADL-gjøremål	N	ADL-toiminnot
ADL-indeks	N	ADL-indeksi
AV-knute	N	AV-solmuke eteis-kammiosolkuke
CO-narkose	N	häkänarkoosi
CO2-narkose	N	hiilidioksidinarkoosi
D-vitamin	N	D-vitamiini
EKG-monitor	N	EKG-monitori
EKG-undersøkelse	N	EKG-tutkimus
EPJ-system	N	elektroninen potilaskertomus  sähköinen potilaskertomus
EU-direktiv	N	EU-direktiivi
ICNP-begrep	N	ICNP-käsite
ICNP-diagnose	N	ICNP-diagnoosi
ILO-konvensjon	N	ILO:n sopimus nro 169  Itsenäisten maiden alkuperäis- ja heimokansoja koskeva yleissopimus
IVF-behandling	N	koeputkihedelmöitys in vitro fertilisaatio (IVF)
KMI-verdi	N	painoindeksi  BMI
LIS-lege	N	erikoistuva lääkäri
MNA-skjema	N	MNA-testilomake
MONA-behandling	N	akuutissa sydänkohtauksessa käytettävä hoito: morfiini, happi, nitroglyseriini, asetyylisalisyylihappo
MS-medisin	N	MS-tautilääke
NIC-klassifikasjon	N	NIC-luokitus
PICO-skjema	N	PICO-taulukko
REM-søvn	N	REM-uni
absorpsjon	N	imeytyminen
abstraksjonsnivå	N	abstraktiotaso
acetylsalisylsyre	N	asetyylisalisyylihappo
adaptasjon	N	adaptaatio
adaptasjonsevne	N	sopeutumiskyky
adaptasjonsnivå	N	sopeutumistaso
adaptasjonsområde	N	sopeutumisalue
adrenalin	N	adrenaliini
aids	N	aids
akillessene	N	akillesjänne
aktivitetsmønster	N	aktiviteettitapa
aktivitetsmulighet	N	aktiviteettimahdollisuus
aktivitetsnivå	N	aktiviteettitaso
aktivitetsplan	N	aktiviteettisuunnitelma
aktivitetstiltak	N	aktiviteettitoimenpide aktiviteettikeino
aktivitetstoleranse	N	liikunnan sietokyky
aktivitetsutfoldelse	N	aktiviteetin suorittaminen
akupunktur	N	akupunktio
alarmknapp	N	hälytysnappi
alarmmatte	N	hälyttävä matto
alarmsymptom	N	ennakko-oire  esioire
albumin	N	albumiini
aldersdemens	N	(vanhuuden)dementia
aldersendring	N	ikääntymismuutos
aldersforandring	N	vanhenemismuutos
alderssykdom	N	vanhuuden sairaus
aldringsprosess	N	vanhenemisprosessi
alkoholskade	N	alkoholin aiheuttama vamma
allergiforbund	N	allergialiitto
allergikost	N	allergiaruoka
allergireaksjon	N	allergiareaktio yliherkkyysreaktio
allmennlege	N	yleislääkäri
allmennmedisin	N	yleislääketiede
allmennsykepleie	N	yleissairaanhoito kuntatasolla
allmennsykepleier	N	yleissairaanhoitaja
allmenntilstand	N	terveydentila
altruisme	N	altruismi
alvorlighetsgrad	N	vakavuusaste
ambivalens	N	ambivalenssi 	kaksijakoisuus
amfetamin	N	amfetamiini
amming	N	imetys
amøbe	N	ameba
amputasjon	N	amputaatio
anamnese	N	anamneesi	esitiedot
anamneseskjema	N	esitietolomake
åndedrag	N	hengenveto
anestesisykepleier	N	anestesiasairaanhoitaja
angstlidelse	N	ahdistuneisuushäiriö
angstsymptom	N	ahdistusoire
ankelknoke	N	kehräsluu
ansiktskrem	N	kasvovoide
ansiktsuttrykk	N	kasvojen ilme
anstrengelsesinkontinens	N	ponnistusinkontinenssi
antibiotika	N	antibiootti
antibiotikabehandling	N	antibioottihoito
antibiotikabruk	N	antibioottien käyttö
antikonsepsjonsmiddel	N	ehkäisyaine
antistoff	N	vasta-aine
apati	N	apatia
apopleksi	N	aivoverenkiertohäiriö
arbeidsantrekk	N	työasu
arbeidshverdag	N	työn arki
arbeidskapasitet	N	työkapasiteetti
arbeidskår	N	työolosuhteet
arbeidslys	N	työvalo
arbeidsrutine	N	työrutiini
åreforkalkning	N	valtimonkovettumatauti	ateroskleroosi
årevegg	N	suonen seinämä
armbrudd	N	käsivarren murtuma
arrdanning	N	arpeutuminen
årsaksforklaring	N	selonteko syy-yhteydestä
årsakstenkning	N	syy-yhteysajattelu
arterie	N	valtimo	váibmosuotna
arterieblod	N	valtimoveri
arteriesykdom	N	valtimosairaus
arterietermometer	N	valtimolämpömittari
aspirasjon	N	aspiraatio	keuhkoihin vetäminen
aspirere	N	aspiroida	vetää (henkeen) (pois)
astmaanfall	N	astmakohtaus
atferdsendring	N	käytöksen muutos
atferdsfaktor	N	käytöstekijä
atferdsforstyrrelse	N	käytöshäiriö
atferdsterapi	N	käytösterapia
atrium	N	kammio
atrofi	N	atrofia	
autisme	N	autismi
autonomiprinsipp	N	autonomian periaate
aversjon	N	inho
avfallsbøtte	N	jäteastia
avfallsstoff	N	kuonanaineet
avføringsinkontinens	N	ulosteinkontinenssi	ulosteen pidätyskyvyttömyys
avføringsinkontinens	N	ulosteinkontinenssi ulosteen pidätyskyvyttömyys ulosteen karkailu
avføringskart	N	ulosteluokitus
avføringsklump	N	ulostemöykky
avføringslekkasje	N	ulosteen karkaamineN	 ulosteinkontinenssi
avføringsproblem	N	ulostusongelma
avføringsprøve	N	ulostenäyte
avføringsrefleks	N	ulostusrefleksi
avføringsrest	N	ulostejäämä
avføringstrang	N	ulostamisen tarve
avlastningsmadrass	N	painetta helpottava patja
avlastningsopphold	N	lyhytaikaishoito
avslapningsteknikk	N	rentoutustekniikka rentoutumistekniikka
avvenne	N	vieroittaa
avvikshåndtering	N	vahinkoilmoituksen tekeminen
avvikshendelse	N	vaaratilanne
avviksskjema	N	vahinkoilmoituslomake
bachelor	N	alempi korkeakoulututkinto
bachelorstudent	N	alemman korkeakoulutason opiskelija bacheloropiskelija
bakgrunnsforståelse	N	taustaymmärrys
bakhode	N	takaraivo
baktericid	N	bakterisidi	bakteereja tappava aine
bakterieflora	N	bakteerifloora mikrobiomi
bakterieflora	N	bakteerikanta
bakterieinnhold	N	bakteerimäärä
bakterieinvasjon	N	bakteeri-invaasio
bakterieoppvekst	N	bakteerikasvu
bakteriepanel	N	bakteeripaneeli
bakteriestamme	N	bakteerikanta
bakterietall	N	bakteeriluku  bakteerimäärä
bakterietoksin	N	bakteerimyrkky
bakterietype	N	bakteerityyppi
bakterievandring	N	bakteerien kulku
bakterievekst	N	bakteerikasvu
balanseøvelse	N	tasapainoharjoitus
balansesystem	N	tasapainojärjestelmä
balansetenkning	N	tasapainoajattelu
balje	N	astia	allas
bandasjeskift	N	siteen vaihto
barmhjertighet	N	armo
barselavdeling	N	synnyttäneiden osasto
barselkvinne	N	synnyttänyt nainen 1-6 viikkoa synnytyksestä
baseline	N	lähtökohta vertailukohta
basis	N	alusta
bedøvelse	N	puudutus
begrepsfeste	N	käsitteellistää
behandler	N	???
behandlingsalternativ	N	hoitovaihtoehto
behandlingsansvar	N	hoitovastuu
behandlingsforløp	N	hoitoketju
behandlingskvalitet	N	hoidon laatu
behandlingsmiljø	N	hoitoympäristö
behandlingsmulighet	N	hoitomahdollisuus
behandlingsopplegg	N	hoidon suunnitelma
behandlingspakke	N	hoitopakkaus
behandlingsplan	N	hoidon suunnitelma
behandlingsregime	N	hoidon suunnitelma
behandlingsrutine	N	hoitokäytäntö
behandlingssituasjon	N	hoitotilanne
behandlingssvikt	N	hoidon epäonnistuminen
behandlingssystem	N	hoitojärjestelmä
behandlingstiltak	N	hoitotoimenpide
behandlingsvalg	N	hoitovalinta
behovsdekning	N	tarpeen tyydytys
behovsmodell	N	tarvemalli tarvekaavio
behovsområde	N	tarvealue
behovsteori	N	tarveteoria
behovstilfredsstillelse	N	tarpeiden tyydytys
beinbrudd	N	luunmurtuma
beinklær	N	housut
beinmarg	N	luuydin
beinstrekk	N	jalan ojennus
beintetthet	N	luuntiheys 
bekvemmelighetsgrunn	N	mukavuussyy
belegg	N	peite
ben	N	luu
beskyttelsesutstyr	N	suojavaruste
beslutningsforum	N	päätöksentekofoorumi
beslutningsstøtte	N	päätöstuki
besøkshistorikk	N	vierailuhistoria
besøkstjeneste	N	ystävätoiminta
besvimelse	N	pyörtyminen
betennelsesprosess	N	tulehdusprosessi
betennelsesreaksjon	N	tulehdusreaktio
betennelsessykdom	N	tulehdussairaus
betennelsestilstand	N	tulehdustila (ei bakteerin aiheuttama, esim. rasitusvamma)
betydningsinnhold	N	merkityssisältö
bevegelighetstrening	N	liikeharjoittelu
bevegelsesforstyrrelse	N	liikkumishäiriö
bevegelsesinnskrenkning	N	liikerajoite
bevegelseskapasitet	N	liikkumiskapasiteetti
bevisstgjøring	N	tietoiseksi tekeminen
bevissthetsinnhold	N	tajunnan sisältö
bevissthetsnivå	N	tajunnan taso
bevissthetstap	N	tajunnan menetys
bevissthetstilstand	N	tajunnantila
binyremarg	N	lisämunuaisydin
biokjemi	N	biokemia
biomedisin	N	biolääketiede
bitestikkel	N	lisäkives
blåmerke	N	mustelma
blære	N	rakko
blæredysfunksjon	N	rakon toimintahäiriö
blærefunksjon	N	rakon toiminta
blærefylling	N	virtsarakon täyttyminen
blærehals	N	virtsarakon kaula
blærekapasitet	N	virtsarakon kapasiteetti
blærekatarr	N	virtsarakontulehdus
blærekateter	N	rakkokatetri
blærekontroll	N	virtsarakon hallinta
blæremuskel	N	rakkolihas
blæremuskulatur	N	rakkolihakset
blæreregion	N	virtsarakon alue
blæreskade	N	virtsarakon vaurio  virtsarakon vamma
blæreskylling	N	rakkohuuhtelu  virtsarakon huuhtelu
blærespreng	N	paineen tunne virtsarakossa
blæretømming	N	rakon tyhjentäminen	rakon tyhjentyminen
blæretrening	N	virtsarakon harjoitus
blæretrykk	N	(virtsa)rakon paine
blærevegg	N	rakon seinämä
blærevolum	N	(virtsa)rakon tilavuus
bleiesensor	N	vaipan kosteusindikaattori 
blindtarmbetennelse	N	umpilisäkkeen tulehdus
blindtarmsbetennelse	N	umpilisäketulehdus
blodbane	N	verisuonisto
blodcelle	N	verisolu
blodforsyning	N	veren saanti
blodfylling	N	verellä täyttyminen
blodgass	N	verikaasu
blodglukose	N	veren glukoosi
blodkultur	N	veriviljely
blodlager	N	verivarasto
blodlegeme	N	verisolu
blodmengde	N	verimäärä
blødning	N	verenvuoto
blødningssjokk	N	vuotosokki
blødningstendens	N	vuototaipumus
blodomløp	N	verenkierto
blodplasma	N	veriplasma
blodprøveglass	N	verinäytteenottoputki
blodprøvesvar	N	verikoevastaus
blodsirkulasjon	N	verenkierto
blodstrøm	N	verenvirtaus
blodsukkermåling	N	verensokerin mittaus
blodsukkernivå	N	verensokeritaso
blodsukkerstigning	N	verensokerin nousu
blodsukkerverdi	N	verensokeriarvo
blodtilførsel	N	verensaanti
blodtilstrømning	N	verenvirtaus
blodtransfusjon	N	verensiirto
blodtrykksapparat	N	verenpainemittari
blodtrykksfall	N	verenpaineen lasku
blodtrykksmåling	N	Verenpaineen mittaus
blodtrykksmåling	N	verenpaineen mittaus
blodtrykksmansjett	N	verenpainemansetti
blodverdi	N	veriarvo
blodviskositet	N	veren viskositeetti
blodvolum	N	verivolyymi
blotte	N	paljastaa
bluferdighet	N	häveliäisyys
bluferdighetsregel	N	siveyssääntö
bofellesskap	N	asumisyhteisö
brannskade	N	palovamma
brekning	N	oksentaminen
brekningssenter	N	oksennuskeskus
brokk	N	tyrä
bronkie	N	keuhkoputki
bronkiegrein	N	keuhkoputken haara
bruddskade	N	murtumavamma
brukermedvirkning	N	potilaan osallistuminen hoitoon
brukerombud	N	potilasasiamies
brukerrettighet	N	kotihoitopotilaan oikeudet
brukerrettighet	N	potilaan oikeudet
brukerrettighetslov	N	laki potilaan oikeuksista
brukerstyring	N	asiakaslähtöisyys
brystbein	N	rintalasta
brysthinne	N	rintakalvo
brysthule	N	rintaontelo
brystkompresjon	N	rintalastan painelu(elvytys)
brystmuskel	N	rintalihas
brystprotese	N	rintaproteesi
brystvegg	N	rinnan seinämä
bufferteori	N	puskuriteoria
buffervirkning	N	puskurivaikutus
bukhinne	N	vatsakalvo
bukmuskulatur	N	vatsalihakset
bukorgan	N	vatsaelin
buktrykk	N	vatsanpaine
bukvegg	N	vatsan seinämä
bunnpunkt	N	alin piste
bust	N	takku
cellebiologi	N	solubiologia
cellegift	N	solumyrkky
cellemembran	N	solukalvo
cellemetabolisme	N	soluaineenvaihdunta solumetabolia
cellestoff	N	kuivauspaperi
colon	N	paksusuoli
dagsplan	N	paiväsuunnitelma
dagvakt	N	päivävuoro
dannelse	N	tapakasvatus
datainnsamling	N	tietojenkeruu
datasamling	N	tietojen keruu
dehydrere	N	kuivua
delirium	N	sekavuustila
delprotese	N	osaproteesi
deltasøvn	N	syvä uni  deltauni
demensomsorg	N	dementiahoito
demenssykdom	N	dementiasairaus
desibel	N	desibeli
desinfeksjonsmiddel	N	desinfektioaine
detaljoppfatning	N	yksityiskohtien ymmärtäminen
determinant	N	determinantti
diabetesdagbok	N	diabetespäiväkirja
diagnosemanual	N	tautiluokituksen käsikirja  tautiluokituksen ohjekirja
diagnosesystem	N	diagnoosijärjestelmä
diagnostikk	N	diagnostiikka
diagnostisering	N	diagnosointi
diakonisse	N	diakonissa
dialysebehandling	N	dialyysihoito
diaréplage	N	ripulivaiva
diettregime	N	ruokavaliosuunnitelma
diffusjon	N	diffuusio
dikotomi	N	
disiplinfag	N	(akateeminen) oppiaine	tieteenhaara
disputas	N	väitös(tilaisuus)
dl	N	dl	desilitra
døgnrytmeforstyrrelse	N	vuorokausirytmin häiriö
døgnrytmekurve	N	vuorokausirytmin käyrä
døgnurin	N	vuorokausivirtsa
døgnvariasjon	N	vuorokausivaihtelu
døgnvolum	N	vuorokausivolyymi
doktorgradsprogram	N	tohtoriohjelma
doktorgradsutdanning	N	tohtorikoulutus
dokumentasjonsplikt	N	kirjaamisvelvollisuus  kirjaamisvelvoite
dokumentasjonssystem	N	kirjaamisjärjestelmä  dokumentaatiojärjestelmä
dørterskel	N	kynnys
dosering	N	annostelu
dostol	N	WC-tuoli
døvhet	N	kuurous
dråpesamler	N	virtsankarkailusuoja  tippasuoja
dråpeteller	N	tipanlaskija
drikkeliste	N	nestelista
drikkemengde	N	juoman määrä
drikkerestriksjon	N	nesterajoitus
drikkeskjema	N	nestelista
drikkevane	N	juomistapa
drikkevare	N	juotava
drypp	N	TIA-kohtaus	aivojen iskeeminen kohtaus
dusjstol	N	suihkutuoli
e-helse	N	e-terveyspalvelut
e-helse	N	sähköinen terveydenhuolto
e-helsetiltak	N	sähköinen terveydenhoidon palvelu
e-konsultasjon	N	eKonsultaatio	etävastaanotto
egenaktivitet	N	omaehtoinen aktiivisuus
egenmestring	N	suoriutuminen itse
egennytte	N	oma hyöty
egenomsorgsbehov	N	itsehoitotarve
egenomsorgsevne	N	itsehoitokyky
egenomsorgshandling	N	itsehoidollinen toiminta
egenomsorgskrav	N	itsehoitovaatimus
egenomsorgsmodell	N	itsehoitomalli
egenomsorgsrådgivning	N	itsehoidon neuvonta
egenomsorgssvikt	N	itsehoidon vaje
egenomsorgstenkning	N	itsehoitoajattelu
egenomsorgsteori	N	itsehoitoteoria
egenvekt	N	ominaispaino
eggløsning	N	munasolun irtoaminen
eksempellæring	N	esimerkin avulla oppiminen
ekskrement	N	uloste
ekspansjonsmulighet	N	laajenemismahdollisuus
ekspertsammenslutning	N	asiantuntijasyhmä
eksponering	N	altistuminen
ekstensjon	N	ojennus
ekstrakt	N	uute
eliminasjon	N	eritys
emboli	N	embolia	veritulppa
emfysem	N	keuhkolaajentuma emfyseema
emisjon	N	emissio	säteily
empatievne	N	empatiakyky
endringsarbeid	N	muutostyö
energibalanse	N	ravitsemustasapaino
energiforbruk	N	energiankulutus
energiinnhold	N	energiasisältö
energiinntak	N	energiansaanti
energimengde	N	energiamäärä
energiomsetning	N	energia-aineenvaihdunta
energiprosent	N	energiaprosentti
energirik	N	energiapitoinen
energitetthet	N	energiatiheys
epikrise	N	epikriisi	hoitotiivistelmä
epitelcelle	N	epiteelisolu
eplesyre	N	omenahappo
ereksjonsevne	N	erektiokyky
ereksjonsproblem	N	erektio-ongelma
ereksjonspumpe	N	erektiopumppu
erfaringsgrunnlag	N	kokemusperusta
erfaringskunnskap	N	kokemustieto
erfaringslæring	N	kokemusoppiminen
ergoterapeut	N	toimintaterapeutti
ernære	N	ravita
ernæringsarbeid	N	ravitsemustyö
ernæringsbehov	N	energiantarve
ernæringsforhold	N	ravitsemustila
ernæringsfysiolog	N	ravitsemusterapeutti
ernæringsinntak	N	ravinnonsaanti
ernæringskartlegging	N	ravitsemuksen arviointi ravitsemuksen kartoitus
ernæringsløsning	N	ravintoliuos
ernæringsonde	N	ravitsemusletku
ernæringsplan	N	ravitsemussuunnitelma
ernæringsproblem	N	ravitsemusongelma
ernæringspumpe	N	ravintopumppu
ernæringsstatus	N	ravitsemustila
ernæringstilskudd	N	ravintolisä
ernæringstilstand	N	ravitsemustila
ernæringstrapp	N	ravitsemuksen portaat
ernæringsvæske	N	ravintoliuos
erstatning	N	korvaus	korvike
erstatningskrav	N	korvausvaatimus
evalueringskriterium	N	arviointikriteeri
evalueringsskjema	N	arviointilomake
evidens	N	evidenssi	näyttö
fagartikkel	N	ammattialan artikkeli
fagprosedyre	N	ammattialan menetelmä  ammattialan toimenpide
fagutøver	N	ammattialan harjoittaja
fagutvikling	N	ammattialan kehitys
fallrisiko	N	kaatumisriski
fargeforandring	N	värimuutos
farmasi	N	farmasia
faselidelse	N	jaksottainen vaiva
fastlege	N	omalääkäri
feberkurve	N	kuumekäyrä
feberperiode	N	kuumejakso
feberstigning	N	kuumeen nousu
febertilstand	N	kuumetila
feilstilling	N	virheasento
feiltrinn	N	harha-askel
fellesmåltid	N	yhteinen ateria
fenomen	N	ilmiö	albmoneapmi	fenomena
ferdighetskunnskap	N	käytännön tietotaito
ferdighetslæring	N	käytännön taitojen oppiminen
ferdighetstrening	N	kädentaitojen harjoittelu
ferdighetsutøvelse	N	käytännön taitojen harjoittelu
festemiddel	N	kiinnitysaine
fettinnhold	N	rasvan määrä
fettlager	N	rasvavarasto
fettmasse	N	rasvamassa
fettomsetning	N	rasva-aineenvaihdunta
fettstoffskifte	N	rasva-aineenvaihdunta
fiberinnhold	N	kuitumäärä
fiberinntak	N	kuidun saanti
fibermengde	N	kuidun määrä
fibertilskudd	N	kuitulisä	
fibertype	N	kuitutyyppi
fibromyalgi	N	fibromyalgia
fingerferdighet	N	sorminäppäryys
fingergrep	N	sormiote
fingerledd	N	sorminivel
fingertrykk	N	sormen painallus
fissur	N	fissuura  halkeama  haavauma
fistel	N	fisteli
flaskekost	N	pulloharja
fleksjon	N	koukistus
fluor	N	fluori
fødemiddel	N	ravintoaine 
fødselsskade	N	syntymävamma
fødselsvekt	N	syntymäpaino
foldtykkelse	N	(esim. niska)poimun paksuus
følelsesmodus	N	tunnetila
følelsesuttrykk	N	tunteenilmaisu
folkehelsepolitikk	N	kansanterveyspolitiikka
folkehelseproblem	N	kansanterveysongelma
forbedringsarbeid	N	parannustyö
forbedringstiltak	N	parannustoimenpide
forbrenningsvæske	N	polttoneste
forbrukerundersøkelse	N	asiakastutkimus potilastyytyväisyystutkimus
fordampning	N	haihdunta
fordampningsvarme	N	haihtumislämpö
fordøyelsesbesvær	N	ruoansulatusvaiva
fordøyelsesenzym	N	ruoansulatusentsyymi
fordøyelsesorgan	N	ruoansulatuselin
fordøyelsesprosess	N	ruoansulatusprosessi
fordøyelsessystem	N	ruoansulatusärjestelmä
forfallstendens	N	rappioitumistaipumus
forflytning	N	siirto	siirtäminen
forflytningshjelpemiddel	N	siirtoapuväline
forflytningsteknikk	N	siirtotekniikka
forforståelse	N	esiymmärrys
forklaringsmodell	N	selitysmalli
førlighet	N	liikuntakyky
forløp	N	kulku
formålsrasjonalitet	N	tavoiterationaalisuus
formynderi	N	huoltajuus
forordning	N	määräys
forråtnelsesprosess	N	mätänemisprosessi
forskningsartikkel	N	tutkimusartikkeli
forskningslitteratur	N	tutkimuskirjallisuus
forskningsmetode	N	tutkimusmenetelmä
forskningsområde	N	tutkimusala
forståelsesform	N	käsitystapa
forståelsesmåte	N	ymmärrystapa
forståelsesramme	N	ymmärrysperusta
forsvarlighet	N	riittävä hoito
fortrolighetskunnskap	N	kokemusperäinen tieto
fremmedgjøring	N	vieraantuminen
fremmedlegeme	N	vierasesine
frivillighetssentral	N	vapaaehtoiskeskus
fronesiskunnskap	N	käytäntöön pohjautuva tieto
frostskade	N	paleltuma
fruktjuice	N	hedelmätuoremehu
frysning	N	vilunväristys
fuktighetskrem	N	kosteusvoide
funksjonsbegrensning	N	toimintarajoite
funksjonsdyktighet	N	toimintakyky
funksjonsforstyrrelse	N	toimintahäiriö
funksjonsnedsettelse	N	alentunut toimintakyky
funksjonsnivå	N	toiminta-aste
funksjonssvikt	N	alentunut toimintakyky
funksjonstap	N	toimintakyvyn vaje
funksjonsundersøkelse	N	toimintakyvyn tutkimus
funksjonsvurdering	N	toiminnan arviointi
fyllende	N	täydentävä
galleblære	N	sappirakko
gallefargestoff	N	sappiväriaine
gallegang	N	sappitiehyt
gallestein	N	sappikivi
gallesykdom	N	sappikivitauti
gangfunksjon	N	kävelykyky
ganghastighet	N	kävelynopeus
ganghjelpemiddel	N	apuväline kävelyyn
gasbind	N	sideharso
gåsehud	N	iho kananlihalla
gassdannelse	N	kaasunmuodostus
gassutveksling	N	kaasujen vaihto
gassutvikling	N	kaasunmuodostus
gåstol	N	rollaattori
genetikk	N	genetiikka	perinnöllisyystiede
genital	N	sukupulielimet
genitale	N	sukupuolielimet
giftbehandling	N	myrkkykäsittely
giftstoff	N	myrkkyaine
gingivitt	N	ientulehdus	gingiviitti
gipse	N	kipsata
gisping	N	haukottelu
glukoseintoleranse	N	glukoosi-intoleranssi
glutenintoleranse	N	gluteeni-intoleranssi
glykogen	N	glykogeeni
glykogenlager	N	glykogeenivarasto
glyserol	N	glyseroli
graviditetshormon	N	raskaushormoni
grensesetting	N	rajojen asettaminen
grunnlidelse	N	perussairaus
grunnvilkår	N	perusehto
gruppeaktivitet	N	ryhmätoiminta
gruppenivå	N	ryhmätaso
gruppesamling	N	ryhmäkokous
gruppetilhørighet	N	ryhmään kuuluminen
guiding	N	ohjaus
gulsott	N	keltaisuus
habilitering	N	kuntoutus
habiliteringstjeneste	N	(toimintarajoitteisen lapsen) kuntoutus
hallusinogen	N	hallusinogeeni
hælsene	N	akillesjänne
halsmuskel	N	päänkiertäjälihas
håndbak	N	kädenvääntö
hånddesinfeksjon	N	käsidesinfektio
håndhygiene	N	käsihygienia
handikap	N	vamma
håndlag	N	kädentaito	ote
håndledd	N	käden nivel
handlingsalternativ	N	toimintavaihtoehto
handlingsberedskap	N	toimintavalmius
handlingsforløp	N	toimintaketju
handlingsklokskap	N	toimintaviisaus
handlingskunnskap	N	käytännön tieto
handlingsmønster	N	toimintatapa
handlingsrefleksjon	N	toiminnan reflektointi
handlingsregel	N	toimintasääntö
handlingsrepertoar	N	toimintarepertuaari
handlingsvalg	N	toimintatavan valinta
håndtrykk	N	kädenpuristus
håravfall	N	hiustenlähtö  hiuskato
hårvaskhette	N	hiustenpesumyssy
hårvekst	N	hiusten kasvu  karvojen kasvu
hastverksinkontinens	N	pakkoinkontinenssi
healing	N	paraneminen
helbredelse	N	parantuminen
helhetsforståelse	N	kokonaiskäsitys
helhetsoppfatning	N	kokonaiskäsitys
helhetsvurdering	N	kokonaisarviointi
helsebegrep	N	terveyskäsite
helsedefinisjon	N	terveyden määritelmä 
helsefagarbeider	N	lähihoitaja
helseforetak	N	terveydenhoitoalan toimija terveydenhoitoalan yritys
helseforhold	N	terveysolosuhteet
helsefremmende	A	terveyttä edistävä
helsegevinst	N	terveyshyöty
helsehistorie	N	esitiedot anamneesi  terveydenhuollon historia 
helsehjelp	N	terveydenhoito
helseinformatikk	N	terveystietojenkäsittelytiede
helsekompetanse	N	terveysosaaminen
helsemodell	N	terveysmalli
helseomsorg	N	terveydestä huolehtiminen
helseopplysning	N	terveysneuvonta
helseopplysning	N	terveystieto
helsepedagogikk	N	terveyspedagogiikka
helsepersonellov	N	terveydenhuollon henkilöstöä koskeva laki
helsepersonelltjeneste	N	terveydenhoitohenkilökunnan palvelut
helseplage	N	terveysongelma
helseproblem	N	terveysongelma
helseressurs	N	terveysresurssi terveyttä koskeva voimavara
helseresultat	N	terveystulos
helserisiko	N	terveysriski
helsesjekk	N	terveystarkastus
helsesykepleier	N	terveydenhoitaja
helseteam	N	terveysalan monitieteellinen ryhmä 
helsetjenestetilbud	N	terveyspalvelujen tarjonta
helseutfall	N	terveysvaikutus
helseutgift	N	terveydenhoitomeno
helsevane	N	terveystapa
helseveiledning	N	terveysohjaus
helsevirksomhet	N	terveydenhoidon toimija
hemning	N	esto
hemoglobininnhold	N	hemoglobiinin määrä
hemoglobinkonsentrasjon	N	hemoglobiinikonsentraatio
hemoglobinmolekyl	N	hemoglobiinimolekyyli
hemoglobinnivå	N	hemoglobiinitaso
hemoglobinverdi	N	hemoglobiiniarvo
hepatitt	N	hepatiitti	maksatulehdus
heteslag	N	lämpöhalvaus
hetetokt	N	kuuma aalto
hg	N	hg	hektogramma
hjelpemetode	N	auttamistoimenpide
hjemmeoppfølging	N	kotiseuranta
hjemmesykepleier	N	kotisaairaanhoitaja
hjemmesykepleietjeneste	N	kotisairaanhoidon palvelut
hjerneaktivitet	N	aivoaktiviteetti
hjernebølge	N	aivoaalto
hjernecelle	N	aivosolu
hjernefunksjon	N	aivotoiminta
hjernehalvdel	N	aivopuolisko
hjernestamme	N	aivorunko
hjernestamme	N	aivorunko	
hjernesvulst	N	aivokasvain
hjertebank	N	sydämen tykytys
hjertebank	N	sydämentykytys
hjertebrett	N	sängyn selkäosa
hjertefrekvens	N	sydämen syke  sydämen lyöntitiheys
hjertefunksjon	N	sydämentoiminta
hjertekammer	N	sydämen kammio
hjertekammer	N	sydänkammio	
hjertekontraksjon	N	sydänlihaksen supistuminen
hjertekrampe	N	sydänkouristus
hjertelidelse	N	sydäntauti
hjertemuskel	N	sydänlihas
hjertemuskel	N	sydänlihas	
hjertemuskulatur	N	sydämen lihaksisto
hjerteproblem	N	sydänongelma
hjerterytme	N	sydämen rytmi
hjerteslag	N	sydämensyke
hjertestans	N	sydänpysähdys
hjertesvikt	N	sydämen vajaatoiminta
hjertesykdom	N	sydansairaus
hodeende	N	pääpuoli
hodegjerde	N	sängyn pääpuoli  sängyn pääty
hodeskade	N	päävamma
hoftebrudd	N	lonkkamurtuma
holdbarhet	N	kesto	säilyvyys
hormonbehandling	N	hormonihoito
hormonnivå	N	hormonitaso
hørselsproblem	N	kuulo-ongelma
hørselsvanske	N	kuulo-ongelma
hospital	N	sairaala
hospitalisere	N	kirjautua sairaalahoitoon
hospitering	N	vierailu (oppimistarkoituksessa)
hosteanfall	N	yskänkohtaus
hostekraft	N	yskimisvoima	
hostemaskin	N	yskityslaite
hosterefleks	N	yskänrefleksi
hosteteknikk	N	yskimistekniikka
hovedkomponent	N	pääkomponentti pääosatekijä
hovedkriterium	N	pääkriteeri
hovedmåltid	N	pääateria
hovedpulsåre	N	aortta
hudavdeling	N	ihotautien osasto
hudavdeling	N	ihotautiosasto
hudblødning	N	ihoverenvuoto
hudfett	N	ihon rasvakerros
hudfold	N	ihopoimu
hudforandring	N	ihomuutos
hudfuktighet	N	ihonkosteus
hudkontakt	N	ihokontakti
hudombud	N	iho-ongelmiin paneutunut vastuusairaanhoitaja
hudområde	N	ihoalue
hudoverflate	N	ihon pinta
hudpleie	N	ihonhoito
hudproblem	N	iho-ongelma
hudsans	N	ihoaisti  tuntoaisti kosketusaisti
hudskade	N	ihovaurio
hudtemperatur	N	ihon lämpötila
hudtermometer	N	iholämpömittari
hudtype	N	ihotyyppi
hudvurdering	N	ihon arviointi
hukommelsesproblem	N	muistiongelma
hullmerke	N	rei'ite
humoralpatologi	N	humoraalioppi
husstøvmidd	N	pölypunkki
hverdagskunnskap	N	arkitieto
hverdagsrehabilitering	N	arkikuntoutus
hvese	N	sihistä	kähistä
hvilepuls	N	leposyke  lepopulssi
hvilesmerte	N	lepokipu
hvilestilling	N	lepoasento
hvilestoffskifte	N	lepoaineenvaihdunta
hvilevolum	N	lepovolyymi
hydrokarbonkjede	N	hiilivetyketju
hygienerutine	N	hygieniatapa
idealkropp	N	ihannekeho
identifikasjon	N	identifikaatio	samastuminen
identifisering	N	identifiointi
idrettskonkurranse	N	urheilukilpailu
indium	N	indium
individnivå	N	yksilötaso
individualisere	N	yksilöllistää
individualisme	N	yksilöllisyys
infeksjonsforsvar	N	vastustuskyky infektiota kohtaan
infeksjonsrate	N	infektioiden esiintyvyys
infeksjonstilstand	N	tulehdustila  infektiotila
inflammasjon	N	tulehdus
inflammasjonsreaksjon	N	tulehdusreaktio
infusjon	N	infuusio	nesteensiirto
infusjonshastighet	N	infuusionopeus
infusjonspumpe	N	infuusiopumppu
infusjonssett	N	infuusiosetti
infusjonsvæske	N	infuusioneste
inkontinens	N	inkontinenssi	virtsan karkailu
inkontinensinnlegg	N	inkontinenssisuoja
inkontinensproblem	N	inkontinenssiongelma
inkontinensregister	N	inkontinenssirekisteri
inkontinensutstyr	N	inkontinenssitarvikkeet
inkubasjonstid	N	itämisaika
innånding	N	sisäänhengitys
innåndingsluft	N	sisäänhengitysilma
inngangsport	N	sisäänmenoportti
innleggelse	N	sisäänotto
innvandrerbakgrunn	N	maahanmuuttajatausta
inspirasjonsluft	N	sisäänhengitysilma
inspirasjonsvolum	N	sisäänhengitysvolyymi
institusjonsmiljø	N	laitosympäristö
institusjonsseng	N	hoitosänky
insulininjeksjon	N	insuliini-injektio insuliinin pistäminen
integrering	N	integratio	liittäminen
intensitet	N	intensiteetti	voimakkuus
interaksjonsmodell	N	interaktiomalli
interaksjonsteori	N	interaktioteoria
internundervisning	N	yksikön sisäinen koulutus
intervensjonsstudie	N	interventiotutkimus
intimitet	N	intimiteetti
intimitetsgrense	N	intimiteettiraja
irritasjon	N	ärtyneisyys
irritasjonshoste	N	ärsytysyskä
isvann	N	jäävesi
iverksetting	N	toimeenpaneminen
jernpreparat	N	rautavalmiste
jerntilskudd	N	rautalisä
jodmangel	N	jodin puute
jomfruhinne	N	immenkalvo hymen
journalføring	N	potilastietojen kirjaus
journalopplysning	N	potilaskertomukseen kirjattu tieto
kalium	N	kalium
kalori	N	kalori
kaloriinntak	N	kalorien saanti
karanteneregel	N	karanteenisäännöt
karbohydratinntak	N	hiilihydraatien saanti
karbondioksid	N	hiilidioksidi
karbondioksidinnhold	N	hiilidioksidipitoisuus
karbondioksidnivå	N	hiilidioksiditaso
karsystem	N	verisuonijärjestelmä
kartleggingssamtale	N	hoidon tarpeen arviointikeskustelu
kartleggingsundersøkelse	N	kartoitustutkimus
kartleggingsverktøy	N	kartoitusväline
karvegg	N	suonen seinämä
kastrasjon	N	kastraatio kastroiminen
kateterprøve	N	katetrinäyte
kateterspiss	N	katetrin kärki
kateterstørrelse	N	katetrikoko
katetersystem	N	katetrijärjestelmä
katetertupp	N	katetrin pää
katetertype	N	katetrityyppi
kcal	N	kilokalori
keisersnitt	N	keisarileikkaus
kilojoule	N	kilojoule
kilokalori	N	kilokalori
kinin	N	kiniini
kjerneenhet	N	ydinyksikkö
kjernejournal	N	en digital løsning for deling av pasientenes helseopplysninger på tvers av virksomheter og nivåer i helsevesenet
kjernejournal	N	sähköinen potilaskertomus
kjernetemperatur	N	ydinlämpötila
kjønnshormon	N	sukupuolihormoni
kjønnslemlestelse	N	
kjønnsleppe	N	häpyhuulet
kjønnsmajoritet	N	sukupuolienemmistö
kjønnsstudium	N	sukupuolentutkimus
kjønnstilhørighet	N	sukupuoleen kuuluminen
kjønnsulikhet	N	sukupuoliero
kjønnsutvikling	N	sukupuolikehitys
kjøttbetennelse	N	pehmytkudostulehdus
klamydiainfeksjon	N	klamydiainfektio
klapptørke	N	kuivata taputtelemalla
klapptørking	N	taputtelukuivaus
klassifikasjonssystem	N	luokittelujärjestelmä
klor	N	kloori
klystersetting	N	peräruiskeen anto
kognisjon	N	kognitio	tiedonkäsittelytoiminta
kolbe	N	(lasi)astia	mittalasi
koldbrann	N	kuolio	nekroosi
kollegaveiledning	N	vertaisohjaus
kolonisering	N	altistuminen
koloskopi	N	paksusuolen tähystys
kolssykdom	N	keuhkoahtaumatauti
kommunikasjonskapasitet	N	kommunikointikyky
kommunikasjonsmiddel	N	kommunikaatioväline
kommunikasjonsvanske	N	kommunikaatiovaikeus
kompetansestige	N	urapolku  urakehitys
komplikasjon	N	komplikaatio
kompresjonsbandasje	N	kompressioside
kompresjonsbehandling	N	kompressiohoito
kompresjonsbind	N	tukiside
kompresjonsbrudd	N	kompressiomurtuma
kompresjonsgrad	N	kompressioaste
kompresjonsstrømpe	N	tukisukka 
kontaktallergi	N	kosketusallergia
kontaktlinse	N	piilolinssi
kontaktsykepleier	N	ohjaava sairaanhoitaja vastuusairaanhoitaja
kontaktsykepleier	N	vastuusairaanhoitaja
kontakttermometer	N	kontaktikuumemittari
kontakttermometer	N	kosketuslämpömittari
kontraksjon	N	supistus
kontraktur	N	kontraktuura	kutistuma
kontraktur	N	kontraktuura  kutistuma
kontraktur	N	kutistuma	kontraktuura
kontrollerbar	N	tarkistettavissa oleva
kontrollspørsmål	N	kontrollikysymys
kontur	N	ääriviivat	hahmo
kornvare	N	viljatuote
koronapandemi	N	koronapandemia
korsrygg	N	ristiselkä
kostfiber	N	ravintokuitu
kostholdregime	N	ruokavaliosuunnitelma
kostholdsendring	N	ravitsemuksen muutos
kostholdsveiledning	N	ravitsemusneuvonta
kostråd	N	ravitsemusneuvo
kostregistrering	N	ravitsemuksen kartoitus
kostregistreringsskjema	N	ravinnon rekisteröintilomake
kostsamtale	N	ravitsemuskeskustelu
kostsirkel	N	ravintoympyrä
kosttilskudd	N	ravintolisä
kosttype	N	ravintotyyppi
kostveiledning	N	ravinto-ohjaus
kransarterie	N	sepelvaltimo
kreftmedisin	N	syöpälääke
kreftpasient	N	syöpäpotilas
kreftregister	N	syöpärekisteri	
kreftsvulst	N	syöpäkasvain
kreftsykdom	N	syöpätauti
kreftsykepleier	N	syöpätautien erikoissairaanhoitaja
kremting	N	rykäisy rykiminen
krisereaksjon	N	kriisireaktio
krisetilstand	N	kriisitila
kroppsbevegelse	N	kehon liike
kroppsbilde	N	kehonkuva
kroppsendring	N	kehon muutos
kroppsfasong	N	vartalomalli
kroppsforståelse	N	kehonymmärrys
kroppsideal	N	kehoihanne
kroppskontakt	N	fyysinen kontakti
kroppsleie	N	kehon asento
kroppsmasse	N	kehon massa
kroppsoverflate	N	kehon ulkopinta
kroppssammensetning	N	kehon rakenne
kroppsside	N	kylki
kroppsstell	N	kehon hoito
kroppsstilling	N	kehon asento
kroppsstruktur	N	kehon rakenne
kroppstemperatur	N	kehon lämpötila
kroppsuttrykk	N	kehollinen ilmaisu
kroppsvann	N	kehon vesi
kroppsvarme	N	kehonlämpö
kroppsvarme	N	ruumiinlämpö
kroppsvask	N	kehon pesu
kroppsvæske	N	kehon nesteet
kroppsvekt	N	kehonpaino
krybbedød	N	kätkytkuolema
krykke	N	kyynärsauva
kryssinfeksjon	N	risti-infektio
kuldepåvirkning	N	kylmän vaikutus
kullos	N	häkä	hiilomonoksidi
kullsyre	N	hiilihappo
kullsyrevann	N	hiilihappovesi
kulturgrense	N	kulttuuriraja
kulturkonflikt	N	kultuuriristiriita
kunnskapsbegrep	N	tiedon käsite
kunnskapsform	N	tiedon laji
kunnskapsinteresse	N	tiedonintressi
kunnskapskomponent	N	tiedon elementti
kunnskapspyramide	N	tiedon pyramidi 
kunnskapsvurdering	N	tiedon arviointi
kunstutøvelse	N	taiteen harjoittaminen
kurveføring	N	tietojen kirjaaminen
kvalitetsdimensjon	N	laatu-ulottuvuus
kvalitetsforskrift	N	laatuasetus
kvalitetskultur	N	laatukulttuuri
kvalitetsmål	N	laatutavoite
kvalitetsnivå	N	laadun taso
kvalitetsnorm	N	laatunormi
kvalitetsproblem	N	laatuongelma
kvalitetssystem	N	laatujärjestelmä
kvalitetsutviklingsarbeid	N	laadunkehittämistyö
kvalitetsutviklingsprosess	N	laadunkehitysprojekti
kvalitetsutviklingsprosjekt	N	laadunparannushanke
kvalitetsutviklingstiltak	N	laadunkehittämistoimenpide
kveldsmåltid	N	iltapala
kvinnehelse	N	naisten terveys naisterveys
kvinnekateter	N	naisten katetri
kvinnesykdom	N	naistentaudit
laktoseintoleranse	N	laktoosi-intoleranssi
laktosetoleranse	N	laktoosin sietokyky
lammelse	N	halvaus
lanolin	N	lanoliini
lårbeinknute	N	iso sarvennoinen trochanter major
lårhalsbrudd	N	reisiluun kaulan murtuma
læringsform	N	oppimismenetelmä
låsbar	N	lukittava
leddgikt	N	nivelreuma
leddkapsel	N	nivelkapseli
leddsans	N	niveltunto
leddsmerte	N	nivelkipu
leddvern	N	nivelen suojaus	
ledningssystem	N	(impulssin)johtojärjestelmä johtoratajärjestelmä
legemiddel	N	lääke 
legemiddelbehandling	N	lääkehoito
legemiddelhåndbok	N	lääkeopas
legemiddelhåndtering	N	lääkehoidon toteuttaminen
legemiddelkurve	N	lääkityslista  lääkelista
legemiddelliste	N	lääkityslista  lääkelista
legemiddelregime	N	lääkehoitosuunnitelma
legemiddelsløyfe	N	ei ole Suomessa
legemiddelvirkning	N	lääkeaineen vaikutus
legetilsyn	N	lääkärinhoito
legetime	N	lääkäriaika
legevisitt	N	lääkärinkierto
leggmuskulatur	N	säärilihakset
leiring	N	asentohoito
lekfolk	N	maallikko
lengdesnitt	N	pitkittäisleikkaus
lengdevekst	N	pituuskasvu
leppepust	N	huulirakohengitys  huulihengitys
leveår	N	elinvuosi
levekårsproblem	N	elinehto-ongelma  elinolosuhdeongelma
lidokain	N	lidokaiini
liggetid	N	sairaalassaoloaika
likevektsans	N	tasapainoaisti
likevektsorgan	N	tasapainoelin
likevektstilstand	N	tasapainotila
liktorn	N	liikavarvas
lindring	N	lievitys
litteraturgjennomgang	N	kirjallisuuskatsaus
litteraturliste	N	lähdeluettelo
litteratursøk	N	kirjallisuuskatsaus
litteraturstudie	N	kirjallisuuskatsaus
livkvalitetsbegrep	N	elämänlaadun käsite
livsbetingelse	N	elinolosuhteet
livserfaring	N	elämänkokemus
livsfilosofi	N	elämänfilosofia
livsglede	N	elämänilo
livshendelse	N	elämän tapahtuma
livshistorie	N	elämäntarina
livskraft	N	elinvoima
livskvalitetsproblem	N	elämänlaatuongelma
livslang	N	elämänpituinen
livsmønster	N	elintapa
livsmot	N	elämänhalu
livsmulighet	N	elämän mahdollisuus
livsperspektiv	N	perspektiivi elämään
livsstilopplysning	N	elämäntapavalistus
livsstilsendring	N	elämäntapamuutos
livsstilsfaktor	N	elämäntapaan vaikuttava tekijä 
livstestament	N	hoitotestamentti
livsutfordring	N	elämän haaste
livsvane	N	elintapa
livsverden	N	elämismaailma
livsvilje	N	elämänhalu
livsytring	N	elämän ilmentymä
livsytring	N	elämänilmentymä
livvidde	N	vyötärön ympärysmitta
loggføre	N	kirjata
logoped	N	puheterapeutti
lokaliseringsteknologi	N	paikallistamisteknologia
lovforbud	N	lakisääteinen kielto
luftdannelse	N	ilman muodostuminen
luftforurensning	N	ilmansaaste
lufthunger	N	ilmannälkä
luftmotstand	N	ilmanvastus
luftpassasje	N	ilmatie
luftplage	N	ilmavaiva
luftsmerte	N	ilmavaiva
luftstrømmotstand	N	ilmavirran vastus
luftstrømobstruksjon	N	ilmavirran tukkeuma ilmavirran obstruktio
lufttemperatur	N	ilman lämpötila
luftveisinfeksjon	N	hengitystieinfektio
luftveissykdom	N	hengityselinsairaus
luftvolum	N	 ilmatilavuus
lukking	N	lukitseminen	lukitsemislaite
luktproblematikk	N	hajuongelmat
luktsenter	N	hajukeskus
lungeavsnitt	N	keuhkon osa
lungeemboli	N	keuhkoveritulppa  keuhkoembolia
lungefunksjon	N	keuhkojen toiminta
lungehinne	N	viskeraalinen keuhkopussin lehti  keuhkon pintaan kiinnittyvä kalvo  pleura visceralis  lungekretsløp	N	keuhkoverenkierto
lungeødem	N	keuhkopöhö keuhkoedeema
lungesekk	N	keuhkopussi
lungevolum	N	keuhkojen tilavuus
lymfeknute	N	imusolmuke
lymfesystem	N	imusuonisto
madrasstrekk	N	patjansuojus
mageleie	N	vatsa-asento
magemuskel	N	vatsalihas
mageregion	N	vatsanseutu
magesaft	N	mahaneste
magesekk	N	vatsalaukku
magesmerte	N	vatsakipu
magnesium	N	magnesium
maktbruk	N	vallankäyttö
malabsorpsjon	N	imeytymishäiriö
målinnhold	N	tavoitteiden sisältö
måltidsmiljø	N	ruokailuympäristö
måltidsmønster	N	ateriontikäytäntö
mandel	N	nielurisa
mansjett	N	mansetti
marihuana	N	marihuana	kannabis
mask	N	maski
maskebehandling	N	maskilla annettava happihoito
maskebruk	N	kasvomaskin käyttö kasvosuojaimen käyttö
massasje	N	hieronta
massasjestav	N	hierontasauva
masseindeks	N	massaindeksi
master	N	master
matallergi	N	ruoka-allergia
mathygiene	N	ruokahygienia
matinntak	N	ruoan saanti
matkort	N	ruokakortti
matlukt	N	ruoan tuoksu
matmangel	N	ruoan puute
matpyramide	N	ruokapyramidi
matregistrering	N	ruokamäärien kirjaaminen
mattilbud	N	ruokatarjonta
matvane	N	ruokailutapa
matvaregruppe	N	ruokatavararyhmä
matvareintoleranse	N	ruoka-aineintoleranssi
matvogn	N	ruokakärry
medisindispenser	N	lääkeannostelija
medisineringstidspunkt	N	lääkkeenantoaika
medisinhistorie	N	lääketieteen historia
melatoninutskilling	N	melatoniinin eritys
melkegang	N	maitotiehyt
melkesukker	N	maitosokeri
membranside	N	kalvopuoli
mengdekrav	N	määrällinen vaatimus
menneskekropp	N	ihmiskeho
menneskeoppfatning	N	ihmiskäsitys
menstruasjonsblod	N	kuukautisveri
menstruasjonssyklus	N	kuukautiskierto
mentorordning	N	mentorointiohjelma
menyplanlegging	N	ruokalistan suunnittelu
meskalin	N	meskaliini
mesterlære	N	kognitiivinen oppipoikamalli
mestring	N	selviytyminen
mestringskompetanse	N	hallintataito
mestringskurs	N	hallintakurssi
metaanalyse	N	meta-analyysi
metabolisme	N	aineenvaihdunta	metabolia
metasyntese	N	metasynteesi
migrene	N	migreeni
mikrobe	N	mikrobi
mikroorganisme	N	mikro-organismi
mikroskop	N	mikroskooppi
mikroteori	N	mikroteoria
mikstur	N	mikstuura
militærformål	N	sotilaallinen tarkoitus
milliliter	N	millilitra
mimikk	N	mimiikka 	ilmehtiminen
minneaktivitet	N	muistelutoiminnot
minnealbum	N	muistoalbumi
minnegruppe	N	muisteluryhmä
minoritetshelse	N	vähemmistöterveys  vähemmistöjen terveys
minustegn	N	miinusmerkki
minuttventilasjon	N	minuuttikeuhkotuuletus minuuttiventilaatio
minuttvolum	N	minuuttivolyymi
mishandling	N	pahoinpitely
ml	N	ml	millilitra
mobilisering	N	liikkeellelähtö
mol	N	mooli
monitor	N	monitori
morgenmedisin	N	ammulääke
morgenrapport	N	ammuraportti
morgenstell	N	aamupesu
morgenurin	N	aamuvirtsa
mortalitet	N	mortaliteetti	kuolleisuus
motstandskraft	N	vastustuskyky
motstandsressurs	N	vastustusresurssit
muggsopp	N	homesieni
multippel	N	multippeli
munnhelse	N	suun terveys
munnhygiene	N	suuhygienia
munnsårhet	N	suun arkuus
munnslimhinne	N	suun limakavo
munnspeil	N	suupeili
munnstell	N	suunhoito
munntørrhet	N	suun kuivuus
musikkterapi	N	musiikkiterapia
muskelaktivitet	N	lihastoiminta
muskelarbeid	N	lihastyö
muskelatrofi	N	lihasten surkastuminen
muskelbruk	N	lihasten käyttö
muskelfiber	N	lihaskuitu
muskelgruppe	N	lihasryhmä
muskelknute	N	lihassolukasvaiN	 myooma
muskelkontraksjon	N	lihassupistus
muskelkraft	N	lihasvoima
muskelkrampe	N	lihaskramppi	suonenveto
muskelkrampe	N	lihaskramppi	suonenveto	
muskelmasse	N	lihasmassa
muskelomfang	N	lihasten koko
muskelprotein	N	lihasproteiini
muskelspenning	N	lihasjännite
muskelsvekkelse	N	lihasheikkous
muskelsvinn	N	lihasten surkastuminen	lihasatrofia
muskelsykdom	N	lihassairaus
muskelvolum	N	lihasvolyymi  lihastilavuus
nakkevirvel	N	kaulanikama
næringsdrikke	N	ravintojuoma
næringsinnhold	N	ravintosisältö
næringsinntak	N	ravinnon saanti
næringsløsning	N	ravintoneste
næringsmiddelhygiene	N	elintarvikehygienia
næringssammensetning	N	ravitsemusyhdistelmä
næringsstoffanbefaling	N	ravintoainesuositus
næringstett	N	energiarikas
næringstilførsel	N	ravinnonsaanti
narkose	N	nukutus	yleisanestesia
narrativ	N	narratiivi	kertomus
nærvær	N	läsnäolo
nattbordsbrett	N	yöpöydän ruokailutaso
nattevakt	N	yövuoro
nattkjole	N	yöpaita
natturin	N	yövirtsa
navlestreng	N	napanuora
nedkjøling	N	kylmettyminen
nekrose	N	kuolio	nekroosi
nekrose	N	kuolio nekroosi
nervebane	N	hermorata
nerveimpuls	N	hermoimpulssi
nesehule	N	nenäontelo
nesekateter	N	nenäkatetri
nestekjærlighet	N	lähimmäisenrakkaus
nestenuhell	N	lähesonnettomuus
nettingstruse	N	verkkohousut
nettmobbing	N	nettikiusaaminen
nettportal	N	internetportaali  nettiportaali
nettverksintervensjon	N	verkostotyön menetelmä	verkostotyön interventio
nettverkskartlegging	N	sosiaalisen verkoston kartoitus
nevrolog	N	neurologi
nevrologi	N	neurologia
nevrose	N	neuroosi	ahdistuneisuushäiriö
nitrat	N	nitraatti
nitrogen	N	typpi
nøkkelrolle	N	avainrooli
nonverbal	N	nonverbaalinen sanaton
normalflora	N	normaalifloora
normalflora	N	normaalifloora normaalimikrobisto
normalfunksjon	N	normaalitoiminta
normalgrense	N	normaalin raja
normalitetsbegrep	N	normaalisuuskäsite
normalområde	N	viitealue
normalposisjon	N	normaaliasento
normaltemperatur	N	normaali lämpötila
normalvariasjon	N	normaalivaihtelu
normalverdi	N	normaaliarvo
novise	N	noviisi	vasta-alkaja
novisenivå	N	noviisitaso aloittelijan taso
nyrefunksjon	N	munuaisten toiminta
nyrelidelse	N	munuaistauti
nyreregion	N	munuaisten alue
nyreskade	N	munuaisvaurio
nyrestein	N	munuaiskivi
nyresvikt	N	munuaisten vajaatoiminta
nyresykdom	N	munuaissairaus
nyresykdom	N	munuaistauti
nyreterskel	N	munuaiskynnys
nyttekriterium	N	hyötykriteeri
objektglass	N	näytelasi
obstruksjon	N	ahtautuminen	tukkeutuminen
obstruksjonsgrad	N	ahtauman aste
ødem	N	turvotus
ødemsamling	N	nesteen kertyminen (kehoon)
ødemvæske	N	turvokuksen aiheuttama nestekertymä
oksygenbehandling	N	happihoito
oksygenbehov	N	hapentarve
oksygenforbruk	N	hapen käyttö
oksygeninnhold	N	happipitoisuus
oksygennivå	N	happitaso
oksygenopptak	N	hapenotto
oksygensbrille	N	happiviikset
oksygenterapi	N	happihoito	
oksygentilførsel	N	hapen anto
oksygentransport	N	hapenkuljetus
oksygenutstyr	N	happilaite
oljeklyster	N	öljyperäruiske
omgangskrets	N	tuttavapiiri
omgivelsestemperatur	N	ympäristön lämpötila
ømhet	N	hellyys	herkkyys
omsorgsbegrep	N	hoidon käsite
omsorgsdepartement	N	hoidon ministeriö
omsorgsetikk	N	hoitotyön etiikka
omsorgsfilosofi	N	hoitotyön filosofia
omsorgsformål	N	hoivatarkoitus
omsorgsgiver	N	hoitava henkilö
omsorgskultur	N	hoivakulttuuri
omsorgsmodell	N	hoitotyön malli
omsorgsoppgave	N	sairaanhoidon tehtävät hoivatehtävä
omsorgsrelasjon	N	hoitosuhde
omsorgsressurs	N	hoivaresurssit
omsorgssjef	N	kunnallinen terveyden ja sairaanhoidon johtaja
omsorgstjeneste	N	hoitotyön palvelut
omsorgstjenestelov	N	terveydenhuoltolaki
omsorgstradisjon	N	hoivaperinne
omsorgsutøver	N	hoidon antaja
omsorgsverdi	N	hoitotyön arvot
omverden	N	ympäristö
onkologi	N	onkologia
ønskekost	N	toiveruoka
operasjonshette	N	hiussuojus 
oppgulp	N	pulautus
opphopning	N	kasautuminen
oppsamling	N	kerääminen	kerääntyminen
oppsamlingskolbe	N	keräysastia
oppsamlingspose	N	keräyspussi
oppsamlingssystem	N	keräysjärjestelmä
oppsummeringsskjema	N	koontilomake
oppvaskmiddel	N	tiskiaine
optiker	N	optikko
ordinere	N	määrätä
øreskylling	N	korvahuuhtelu
øretermometer	N	korvakuumemittari
organfunksjon	N	elintoiminto
organisasjonskultur	N	organisaatiokulttuuri
organisasjonslæring	N	organisaation oppiminen
organskade	N	elinvaurio
organsystem	N	elinjärjestelmä
orgasmefase	N	orgasmivaihe
orgasmeproblem	N	orgasmiongelma
orienteringsevne	N	orientoitumiskyky
osmose	N	osmoosi
østrogen	N	estrogeeni
østrogenfall	N	estrogeenitason lasku
østrogenmangel	N	estrogeenivaje
østrogennivå	N	estrogeenitaso
østrogenproduksjon	N	estrogeenin tuotanto
østrogentilskudd	N	estrogeenilisä
overdosedødsfall	N	yliannostuskuolema
overflowinkontinens	N	ylivuotoinkontinessi
overkropp	N	yläruumis
overløpsinkontinens	N	ylivuotoinkontinenssi
overskuddsvæske	N	liika neste ylimääräinen neste
overstrekk	N	yliojennus venähdys
overvåkning	N	valvonta
øvingsprogram	N	harjoitusohjelma
øyekontakt	N	silmäkontakti
p-pille	N	e-pilleri	ehkäisypilleri
påkledd	N	puettu
palliasjon	N	palliatiivinen hoito	oireita lievittävä hoito
pandemi	N	pandemia	erittäin laajalle levinnyt epidemia
parese	N	osittaishalvaus	pareesi
parforhold	N	parisuhde
parkinsonisme	N	parkinsonismi
pasientautonomi	N	potilaan itsemääräämisoikeus
pasienteksempel	N	potilasesimerkki
pasienterfaring	N	potilaskokemus
pasientforløp	N	hoitopolku
pasientfortelling	N	kertomus sairaudesta ja potilaanaolosta
pasienthistorie	N	potilaan kertomus
pasienthistorie	N	potilashistoria potilaan kertomus
pasientinformant	N	potilasinformantti
pasientinformasjon	N	potilasohje
pasientintegritet	N	potilaan integriteetti potilaan loukkaamattomuus
pasientjournal	N	potilaskertomus
pasientjournalsystem	N	potilaskertomusjärjestelmä
pasientkontakt	N	potilaskontakti
pasientmedvirkning	N	potilaan osallistaminen
pasientomsorg	N	potilashoito	
pasientoppfølging	N	potilaan seuranta
pasientopphold	N	potilaana olo
pasientopplæring	N	potilasopetus
pasientopplevelse	N	kokemus potilaanaolosta
pasientopplysning	N	potilastiedot
pasientorganisasjon	N	potilasjärjestö
pasientproblem	N	potilasongelma
pasientrolle	N	potilasrooli
pasientsikkerhetsprogram	N	potilasturvallisuusohjelma
pasientskadeerstatning	N	potilasvahinkokorvaus
pasienttrygghet	N	potilasturvallisuus
pasientvurdering	N	potilaan (hoidotarpeen) arviointi
passasjehindring	N	läpikulkueste
passform	N	sopivuus
påstandskunnskap	N	väitetietämys
paternalisme	N	paternalismi
patofysiologi	N	patofysiologia
pediatri	N	lastentaudit	pediatria
penetrere	N	tunkeutua sisään	läpäistä
penicillin	N	penisilliini
penishode	N	peniksen kärki terska
penishode	N	peniksen pää
penispumpe	N	penispumppu
penisskaft	N	siittimen varsi
perkusjon	N	naputtelu
perkutere	N	naputella ja kuunnella (sisäelimiä)
persepsjon	N	havaitseminen
personlighetsegenskap	N	persoonallisuuden piirre
personopplysning	N	henkilötieto
pessar	N	pessaari
pessimisme	N	pessimismi
pestsykdom	N	ruttotauti
ph	N	pH	happamuus
pigment	N	pigmentti	
pigmentforandring	N	pigmenttimuutos
piping	N	piippaus
plasma	N	plasma	veriplasma
plasmaprotein	N	plasmaproteiini
plasmavolum	N	plasmatilavuus plasmavolyymi
plastinnlegg	N	muovisuoja
plastkateter	N	muovikatetri
platåfase	N	tasannevaihe
pleieassistent	N	hoitoapulainen
pleiekultur	N	hoitokulttuuri
pleielidelse	N	hoitokärsimys
pleiemedhjelper	N	hoitoapulainen
pleiemiddel	N	hoitoaine
pleieoppgave	N	hoitotoimi hoitotyön tehtävä
pleiepersonale	N	hoitohenkilökunta
pleieplan	N	hoitotyön suunnitelma
pleiesituasjon	N	hoitotilanne
pliktfølelse	N	velvollisuudentunto
plukking	N	poimiminen	nyppiminen
pollusjon	N	tahaton siemensyöksy 
polypp	N	polyyppi
pool	N	(sijais)pooli
porsjonsstørrelse	N	annoskoko
poseprøve	N	(virtsa)näyte pussista
praksiskontekst	N	käytännön konteksti
praksisperiode	N	harjoitusjakso
praksissted	N	käytännön harjoittelupaikka
praksisteori	N	käytännön teoria
praktiker	N	käytännön toimija
prestasjonspress	N	suorituspaine
primærhelsetjeneste	N	perusterveydenhuolto
primærsykepleier	N	oma sairaanhoitaja
prioriteringskriterium	N	priorisointikriteeri
problemidentifisering	N	ongelman tunnistaminen
problemløsning	N	ongelman ratkaisu
problemsituasjon	N	ongelmatilanne
profesjonsfag	N	ammattiopinnot
profesjonsgrad	N	ammattitutkinto
profesjonsutøver	N	ammattialan harjoittaja
projeksjon	N	projektio	sijoittaminen
pronasjon	N	pronaatio	sisäänkierto
prosedyreverktøy	N	toimenpiteiden hakutyökalu
prosesskriterium	N	prosessikriteeri
prostatabesvær	N	eturauhasvaiva
prostatakjertel	N	eturauhanen
prostataoperasjon	N	eturauhasleikkaus
proteinkvalitet	N	proteiinin laatu
proteinmangel	N	proteiinivaje
proteinreserve	N	valkuaisainevaranto proteiinivaranto
proteintilskudd	N	proteiinilisä
protese	N	proteesi
prøveglass	N	näytelasi
prøveresultat	N	koetulos  testitulos
prøvesvar	N	koetulos
pubertetsstadium	N	puberteettivaihe
pubertetsutvikling	N	murrosiän kehitys
pukkelrygg	N	kyttyräselkä  köyryselkä kyfoosi
pulsåre	N	valtimo
pulsforandring	N	sykkeen muutos
pulsfrekvens	N	syketiheys
pulsklokke	N	sykekello
pulsrytme	N	sykkeen rytmi
pulsslag	N	syke	sydämen lyönti
pulstelling	N	pulssin mittaus
pumpeevne	N	pumppauskyky
pumpefunksjon	N	pumppaustoiminta
pumpekraft	N	pumppausvoima
puss	N	mätä	märkäinen erite
pussbekken	N	kaarimalja
pusting	N	hengitys  hengittäminen
rådgivningsklinikk	N	neuvontayksikkö neuvontaklinikka
rammefaktor	N	puitetekijä
rapportering	N	raportointi	antaa raportti
rapsolje	N	rapsiöljy
reaksjonsevne	N	reaktiokyky
reaksjonsmåte	N	reaktiotapa
reaksjonsmønster	N	reaktiotapa
realitetssans	N	todellisuudentaju
realitetssjokk	N	todellisuusshokki  realiteettishokki
referanseverdi	N	viitearvo
refleksjonsgruppe	N	reflektioryhmä
refleksjonsnotat	N	reflektiokirjoitus
refleksjonssamtale	N	reflektointikeskustelu
regnbuemodell	N	sateenkaarimalli
reguleringsmekanisme	N	säätelymekanismi
reguleringssenter	N	säätelykeskus
rehabilitere	N	kuntouttaa
rehabilitering	N	(toimintakykynsä menettäneen nuoren tai aikuisen) kuntoutus
rehabiliteringsfase	N	kuntoutusjakso
rehabiliteringsforløp	N	kuntoutuspolku
rehabiliteringsinstitusjon	N	kuntoutuslaitos
rehabiliteringsopphold	N	kuntoutusjakso
reinnleggelse	N	toistuva sairaalahoito???
reminisens	N	muistelu
reparasjonshvile	N	korjaava lepo
reproduksjon	N	reproduktio	lisääntyminen
reseptregister	N	reseptirekisteri
reservekapasitet	N	reservikapasiteetti
reservelager	N	varmuusvarasto
respirasjon	N	hengitys
respirasjon	N	hengitys	respiraatio
respirasjonsarbeid	N	hengitystyö
respirasjonsbesvær	N	hengenahdistus	dyspnea
respirasjonsbevegelse	N	hengitysliike
respirasjonsdybde	N	hengityksen syvyys
respirasjonsforstyrrelse	N	hengityshäiriö
respirasjonsfrekvens	N	hengitystaajuus
respirasjonsfrekvens	N	hengitystiheys
respirasjonsmønster	N	hengitystapa
respirasjonsmuskel	N	hengityslihas
respirasjonsmuskulatur	N	hengityslihaksisto
respirasjonsorgan	N	hengityselimet
respirasjonsproblem	N	hengitysongelma
respirasjonsrytme	N	hengitysrytmi
respirasjonssenter	N	hengityskeskus
respirasjonsstans	N	hengityspysähdys
respirasjonsstatus	N	hengityksen kliininen status
respirasjonsstøtte	N	hengitystuki
respirasjonssyklus	N	hengityssykli
respirasjonssyklus	N	hengityssykli
respirasjonssystem	N	hengitysjärjestelmä
respiratorpasient	N	hengityskonepotilas
responssenter	N	hälytyskeskus
responssystem	N	palautejärjestelmä
ressurskriterium	N	resurssikriteeri
ressurssvikt	N	resurssivaje
restitusjon	N	toipuminen
resturin	N	jäännösvirtsa
retardasjon	N	jälkeenjääneisyys	hidastuminen
reviewstudie	N	systemaattinen kirjallisuuskatsaus
ribbeinsbrudd	N	kylkiluun murtuma
ringmuskel	N	sulkijalihas
risikogruppe	N	riskiryhmä
risikopasient	N	riskipotilas
risikovurderingskala	N	riskinarviointiasteikko
risikovurderingsskjema	N	riskien arviointilomake
risikovurderingsskjema	N	riskinarviointilomake
risting	N	ravistelu
rolleatferd	N	roolikäyttäytyminen
rollekonflikt	N	rooliristiriita
rollemodell	N	roolimalli
rommelighet	N	rommelig avara tilava
røntgenundersøkelse	N	röntgentutkimus
rullator	N	rollaattori
rullestolrampe	N	pyörätuoliramppi  pyörätuoliluiska
rusmiddelbruk	N	päihteiden käyttö
rusmiljø	N	huumepiiri
rusmisbruker	N	huumausaineiden väärinkäyttäjä	huumeenkäyttäjä
ryggleie	N	selinmakuu 
ryggmarg	N	selkäydin
ryggmargsbrokk	N	hermostoputken sulkeutumishäiriö  meningomyeloseele (MMC) 
ryggmargsskade	N	selkäydinvaurio
ryggsøyle	N	selkäranka
ryggvask	N	selänpesu
rytmeforstyrrelse	N	rytmihäiriö
sædavgang	N	siemensyöksy
sædblære	N	rakkularauhanen
sædblære	N	rakkularauhanen	
sædproduksjon	N	siittiöiden tuotanto
sædutløsning	N	siemensyöksy
sædvæske	N	siemenneste
sakkarin	N	sakkariini
saltinnhold	N	suolapitoisuus
saltinntak	N	suolansaanti
saltvann	N	suolaliuos
salve	N	salva
samfunnsnivå	N	yhteiskuntataso
samfunnsrytme	N	yhteiskunnan rytmi
samhandlingskompetanse	N	yhteistyötaito
samhandlingssituasjon	N	yhteistyötilanne
samlebetegnelse	N	yhteiskäsite
samleiestilling	N	yhdyntäasento
samlivskurs	N	parisuhdekurssi
sammenlikningsgrunnlag	N	vertailuperuste
samordning	N	yhteensovittaminen
samtalegruppe	N	keskusteluryhmä
samtalepartner	N	keskustelukumppani
samtaletempo	N	keskustelun tempo
samtaleterapi	N	keskusteluterapia
samtykkekompetanse	N	itsemääräämiskyky
samvalg	N	yhteispäätös
samvalgsverktøy	N	yhteispäätöstä auttava väline
sanitærforhold	N	hygieeniset olosuhteet	hygieeninen tila
sansehage	N	aistipuutarha
sansning	N	aistiminen	tuntemus
såperest	N	saippuajäämä
såpestykke	N	saippuapala
såpevann	N	saippuavesi
såpevask	N	saippuapesu
sårbehandling	N	haavanhoito
sårbunn	N	haavan pohja
sårdannelse	N	haavan kehittyminen
sårfase	N	haavan vaihe
sårheling	N	haavan paraneminen
sårhet	N	arkuus
sårinfeksjon	N	haavatulehdus	haavainfektio
sårkant	N	haavan reuna
sårpoliklinikk	N	haavapoliklinikka
sårsekresjon	N	haavaerite
sårskift	N	haavanhoito
sårskifte	N	haavanhoito
sårstell	N	haavanhoito
sårtype	N	haavatyyppi
sårveiledning	N	haavahoidon ohjaus
sårveiledning	N	haavanhoidon ohjaus
sårvurdering	N	haavan arviointi
schizofreni	N	skitsofrenia
score	N	pisteytys
screene	N	seuloa
sekresjon	N	erite
sekresjonsmengde	N	eritteen määrä
seksualitetsmangfold	N	seksuaalinen moninaisuus  seksuaalinen monimuotoisuus
sekundærlitteratur	N	sekundäärikirjallisuus	toissijainen kirjallisuus
selvaktelse	N	itsetunto	omanarvontunto
selvhjelpløsning	N	oma-apukeino  omahoitokeino
selvhjelpsgruppe	N	oma-apuryhmä
selvhjelpsverktøy	N	itsehoitoväline
selvhjulpenhet	N	omatoimisuus
selvrealisering	N	itsensä toteuttaminen
selvskading	N	itsensä vahingoittaminen
sengeklær	N	vuodevaatteet
sengeleie	N	makuuasento	vuodehoito
senkningsreaksjon	N	lasko  senkka
sensitivitet	N	herkkyys
sensorteknologi	N	sensoriteknologia
serum	N	seerumi
serumjern	N	seerumin rauta
sideleie	N	kylkiasento
signalmolekyl	N	signaalimolekyyli
signalsubstans	N	signaaliaine
sikkerhetsteknologi	N	turvallisuusteknologia
silikon	N	silikoni
sinneutbrudd	N	vihanpurkaus
sinnsstemning	N	mieliala
sinusknute	N	sinussolmuke
sinusrytme	N	sinusrytmi
sirkelbevegelse	N	kehäliike
sirkulære	N	kiertää
sirkulasjonsforhold	N	(veren)kierron tila
sirkulasjonsproblem	N	verenkierto-ongelma
sirkulasjonssystem	N	verenkiertojärjestelmä
sittestilling	N	istuma-asento
sjenanse	N	kainous	häpeä
sjokktilstand	N	shokkitila
skår	N	pisteytys
skavank	N	vamma	vika
skiftarbeid	N	vuorotyö
skifting	N	vaihto	muutos
skikkethet	N	soveltuvuus
skittentøysekk	N	pyykkipussi
skjedeåpning	N	emättimen aukko
skjedekatarr	N	emättimen bakteeritasapainon häiriö bakteerivaginoosi
skjedekrampe	N	emätinkouristus
skjedekrans	N	immenkalvo hymen
skjedevegg	N	emättimen seinämä  vaginan seinämä
skjeggvekst	N	parrankasvu
skjelettmuskulatur	N	luustolihas	luurankolihas
skjelettsystem	N	luujärjestelmä
skjermbrett	N	väliverho
skjønnhetsideal	N	kauneusihanne
sklerose	N	skleroosi	kovettuma
skolemåltid	N	kouluateria
skrekkanfall	N	pelkokohtaus
skrøpelighet	N	hauraus
skulderledd	N	olkanivel
skumgummipute	N	vaahtomuovityyny
skummadrass	N	vaahtomuovipatja
skummateriale	N	vaahtomuoviaine
slagfrekvens	N	syketaajuus
slaggprodukt	N	kuona-aine
slagpasient	N	aivohalvauspotilas
slagrehabilitering	N	aivoverenkiertohäiriön kuntoutus AVH-kuntoutus
slagvolum	N	iskutilavuus	iskuvolyymi
slapphet	N	voimattomuus
slimhinneødem	N	limakalvoturvotus
slimmobilisering	N	liman liikkeelle saaminen
slimproduksjon	N	liman tuotanto
slimsekresjon	N	limaneritys
smertebehandling	N	kivunhoito
smertelindring	N	kivunlievitys
smerteopplevelse	N	kivun kokemus
smerteproblem	N	kipuongelma
smertepumpe	N	kipupumppu
smertesans	N	kipuaisti
smertescore	N	kivun pistemäärä
smertetegn	N	kivun merkki
smertetilstand	N	kiputila
smerteuttrykk	N	kivun ilmenemismuoto
smittekjede	N	tartuntaketju
smitteoverføring	N	tartunnan levittäminen tartunnan leviäminen
smitterisiko	N	tartuntariski
smittespredning	N	tartunnan leviäminen
snevring	N	ahtauma	kurouma
somatikk	N	elimelliset toiminnot
sondeernæring	N	lekturuokinta	enteraalinen ravitsemus
sondeløsning	N	letkuruokintavalmiste
sondespiss	N	sondin kärki
soppinfeksjon	N	sieni-infektio
soppmiddel	N	sienenestoaine sienilääke
sorgprosess	N	suruprosessi
sorgreaksjon	N	surureaktio
sovestilling	N	nukkumisasento
søvnbehov	N	unentarve
søvndagbok	N	unipäiväkirja
søvnfase	N	unen vaihe
søvnhygiene	N	unihygienia
søvnighet	N	unisuus
søvnkvalitet	N	unen laatu
søvnlengde	N	unen pituus
søvnmangel	N	unen puute
søvnmengde	N	unen määrä
søvnmønster	N	unirytmi
søvnperiode	N	unijakso
søvnplage	N	univaikeus
søvnregistrering	N	unen rekisteröinti
søvnrestriksjon	N	unen rajoittaminen
søvnrutine	N	unirutiini
søvnstadium	N	unen vaihe
søvnsykdom	N	unisairaus
søvnsyklus	N	unijakso
søvnsyklus	N	unisykli
søvnunderskudd	N	univaje
søvnvane	N	unitapa
søvnvanske	N	univaikeus
spedbarn	N	alle 1-vuotias vauva
spedbarn	N	vauvaikäinen
spekter	N	kirjo
spesialist	N	spesialisti
spesialistgodkjenning	N	erikoistumisen hyväksyntä
spesialseng	N	erikoissänky
spissbekken	N	naisten alusastia
spissfot	N	riippujalka
spolorm	N	suolinkainen
sporstoff	N	hivenaine
sprekkdannelse	N	halkeaman muodostuminen
springvann	N	vesijohtovesi  hanavesi
spyttkjertel	N	sylkirauhanen
spyttkjertel	N	sylkirauhanen	
spyttproduksjon	N	syljeneritys
spyttsaft	N	sylki  sylkineste
spyttsekresjon	N	syljeneritys
ss	N	rkl	ruokalusikka
standpunkt	N	(näkö)kanta
stær	N	kaihi
ståseng	N	seisomismahdollisuudella varustettu sänky
steindannelse	N	kivien muodostuminen
stellekort	N	(yksilöllinen) hoito-ohje
stemmeleie	N	äänenpaino
stemmespalte	N	äänirako
stemmevolum	N	äänen voimakkuus
stemningsleie	N	mieliala
stereotype	N	stereotyyppi  kaavoittuma
stikklaken	N	poikkilakana
stikkpille	N	peräpuikko suppo
stikkskade	N	pistovamma
stillingsendring	N	asennonvaihto
stillingsforandring	N	asennonvaihto
stillingsvern	N	työsuhdeturva
stimuli	N	ärsyke
stimuluskontroll	N	ärsykkeen hallinta
stoffmisbruker	N	huumausaineiden väärinkäyttäjä
stoffomsetning	N	aineenvaihdunta
stoffskifteprosess	N	aineenvaihduntaprosessi
stoffskiftesykdom	N	aineenvaihduntasairaus
stoffskiftesykdom	N	aineenvaihduntasairaus	
stolpute	N	istuintyyny
stolvekt	N	tuolivaaka
støttehåndtak	N	tukikahva
støttekondom	N	tukikondomi
støtteverktøy	N	tukityökalu
støtteverktøy	N	tukiväline
støynivå	N	melutaso
støyskade	N	meluvaurio
strålebehandling	N	sädehoito
stråleprøve	N	näyte virtsasuihkusta
stråleskade	N	sädetysvaurio
stressfaktor	N	stressitekijä
stresshormon	N	stressihormoni
stressinkontinens	N	ponnistusinkontinenssi
stresspåvirkning	N	stressin vaikutus
strimmelundersøkelse	N	liuskatesti
strømhastighet	N	virtausnopeus
strupelokk	N	kurkunkansi
strupelokk	N	kurkunkansi	
studieoppgave	N	opintotehtävä
studiesirkel	N	opintopiiri
sug	N	imu
sukk	N	huokaus
sukkermolekyl	N	sokerimolekyyli
sukrose	N	sakkaroosi	sokeri
sulfat	N	sulfaatti
sunnhet	N	terveys
supinasjon	N	supinaatio	uloskierto
surhetsgrad	N	happamuusaste
surstoffapparat	N	happilaite
svangerskapsforgiftning	N	raskausmyrkytys pre-eklampsia
svartedauden	N	musta surma
svelgeevne	N	nielemiskyky
svelgeproblem	N	nielemisvaikeus
svelgfunksjon	N	nielemistoiminto
svelgparese	N	nielemispareesi
svelgtest	N	nielemistesti nielemiskoe
svettetokt	N	hikoilukohtaus
syfilis	N	kuppa	syfilis	lues
sykdomsårsak	N	sairauden syy  taudin syy
sykdomsbegrep	N	sairauden määritelmä
sykdomsbehandling	N	sairauden hoito
sykdomsbyrde	N	sairaustaakka  sairauskuorma
sykdomsbyrde	N	tautitaakka	sairauden taakka
sykdomsdiagnose	N	tautidiagnoosi
sykdomsepisode	N	sairausjakso
sykdomserfaring	N	sairauden kokemus
sykdomsfase	N	sairauden vaihe
sykdomsfølelse	N	sairauden tunne
sykdomsforløp	N	sairauden kulku
sykdomsforståelse	N	sairauden ymmärrys
sykdomshistorie	N	potilaan selvitys terveysongelmista
sykdomslære	N	tautioppi
sykdomsmodell	N	tautimalli
sykdomsoppfatning	N	sairauskäsitys
sykdomsopplevelse	N	sairauskokemus
sykdomspanorama	N	sairauspanoraama
sykdomsperspektiv	N	sairausperspektiivi
sykdomsproblem	N	sairausongelma
sykdomsprognose	N	sairauden ennuste  sairauden prognoosi
sykdomsprosess	N	sairausprosessi	sairauden kulku
sykdomssituasjon	N	sairaudentila
sykdomssyn	N	sairauskäsitys
sykdomstilstand	N	sairaudentila
sykdomsutvikling	N	sairauden kulku
sykehjemsbeboer	N	hoitokodin asukas
sykehjemsbestyrer	N	hoivakodin johtaja
sykehjemslege	N	hoivakodin lääkäri
sykehjemspasient	N	hoivakotipotilas
sykehusavdeling	N	sairaalaosasto
sykehusinfeksjon	N	sairaalainfektio
sykehusinnleggelse	N	sairaalapotilaaksi kirjaaminen sairaalapotilaaksi meneminen
sykehusmiljø	N	sairaalamiljöö
sykehusopphold	N	hoitojakso sairaalassa
sykehuspasient	N	sairaalapotilas
sykehusprest	N	sairaalapappi
sykehusseng	N	sairaalasänky
sykehusskjorte	N	potilaspaita
sykepleiebehov	N	hoidontarve
sykepleiedefinisjon	N	hoitotyön määritelmä
sykepleiediagnose	N	sairaanhoidon diagnoosi
sykepleiedokumentasjon	N	hoitotyön kirjaaminen
sykepleieepikrise	N	sairaanhoidon yhteenveto  sairaanhoidon tiivistelmä
sykepleiefag	N	hoitotiede??
sykepleieferdighet	N	hoitotyön (käden)taidot
sykepleieferdighet	N	hoitotyön taidot
sykepleiefilosofi	N	sairaanhoidon filosofia
sykepleieforsker	N	sairaanhoidon tutkija
sykepleieforskning	N	sairaanhoidon tutkimus
sykepleiefunksjon	N	sairaanhoidon tehtävä  sairaanhoidon tarkoitus
sykepleiehåndbok	N	hoitotyön käsikirja
sykepleiehandling	N	sairaanhoidollinen toiminta
sykepleiehjelp	N	sairaanhoito
sykepleieintervensjon	N	sairaanhoidollinen toimenpide
sykepleiekapasitet	N	sairaanhoidon kapasiteetti
sykepleiekompetanse	N	sairaanhoidollinen kompetenssi	sairaanhoidollinen pätevyys
sykepleiekunnskap	N	hoitotyön tieto
sykepleiekunnskap	N	sairaanhoidon tietämys
sykepleiekvalitet	N	sairaanhoidon laatu
sykepleiemetode	N	sairaanhoidon menetelmä
sykepleiemodell	N	hoitotyön malli
sykepleienotat	N	sairaanhoidon merkintä
sykepleieområde	N	 sairaanhoidon alue
sykepleieoppgave	N	hoitotyön tehtävä
sykepleieperspektiv	N	sairaanhoidon näkökanta sairaanhoidollinen näkökulma
sykepleieplan	N	hoitosuunnitelma
sykepleiepraksis	N	sairaanhoitokäytäntö
sykepleieprinsipp	N	sairaanhoidon periaate
sykepleieproblem	N	hoitotyön ongelma
sykepleieprofesjon	N	sairaanhoidon ammattiala
sykepleieprosedyre	N	sairaanhoidollinen menetelmä
sykepleieprosess	N	hoitotyön prosessi
sykepleieresultat	N	hoidon tulos
sykepleierhøgskole	N	sairaanhoitaja-ammattikorkeakoulu (AMK)
sykepleierprofesjon	N	sairaanhoitajan ammatti
sykepleierrolle	N	sairaanhoitajan rooli
sykepleierske	N	sairaanhoitajatar
sykepleierstudent	N	sairaanhoidon opiskelija
sykepleieruniform	N	sairaanhoitajan univormu
sykepleiesammenheng	N	sairaanhoidollinen asiayhteys
sykepleiestudent	N	sairaanhoidon opiskelija
sykepleiesystem	N	sairaanhoidon järjestelmä
sykepleietenkning	N	hoitotyön ajattelu sairaanhoidollinen ajattelu
sykepleieteoretiker	N	hoitotyön teoreetikko
sykepleieteori	N	hoitotyön teoria
sykepleietiltak	N	hoitotoimet
sykepleietjeneste	N	sairaanhoidon palvelut
sykepleietjeneste	N	sairaanhoitopalvelut
sykepleieutøving	N	sairaanhoidon suoritus
sykepleieverdi	N	hoitotyön arvot
sykepleievitenskap	N	hoitotiede
symfyse	N	häpykukkula	häpykumpu	venuskukkula
symptomerfaring	N	oireiden kokemus
symptomlindring	N	oireen lievitys
symptomopplevelse	N	oireiden kokemus
synkope	N	synkopee	pyörtyminen
synsinntrykk	N	näköaistimus  visuaalinen vaikutelma
synsskarphet	N	näöntarkkuus
synsvanske	N	näköhäiriö
synsvidde	N	näkökentän laajuus
syreangrep	N	happohyökkäys
syrekapp	N	happovaippa
syrekappe	N	happovaippa
syreoverskudd	N	happoylijäämä
systemkretsløp	N	iso verenkierto systeeminen verenkierto
systemteori	N	systeemiteoria
tablettform	N	tablettimuoto
tabuområde	N	tabualue
takheis	N	kattoon kiinnitetty siirtolaite
tålbar	N	siedettävä
taleevne	N	puhekyky
talevanske	N	puhehäirö
talg	N	tali
talgkjertel	N	talirauhanen
talgproduksjon	N	talineritys
tallerkenkant	N	lautasen reunus
tallerkenmodell	N	lautasmalli
talsperson	N	edustaja  puolesta puhuja
tankeprosess	N	ajatusprosessi
tankevirksomhet	N	ajatustoiminta
tannbein	N	hammasluu
tannbørste	N	hammasharja
tannemalje	N	kiille
tannhals	N	hampaan kaula
tannkjøtt	N	ien
tannløsning	N	hampaiden irtoaminen
tannprotese	N	hammasproteesi
tannpuss	N	hampaiden puhdistus
tannråte	N	hammasmätä	karies
tannstatus	N	hampaiden terveydentila
tannstell	N	hampaiden hoito
tapping	N	tyhjentäminen	poisvaluttaminen
tarmaktivitet	N	suoliston aktiivisuus
tarmbakterie	N	suolistobakteeri
tarmbevegelse	N	suolen liikkeet
tarmfunksjon	N	suolen toiminta
tarmgass	N	suolistokaasu
tarminfeksjon	N	suolistoinfektio
tarminnhold	N	suolen sisältö
tarmkanal	N	suolisto
tarmkontroll	N	suolen hallinta
tarmluft	N	suolistoilma
tarmparasitt	N	suolistoloinen suolistoparasiitti
tarmpassasje	N	suolistoreitti
tarmslimhinne	N	suoliston limakalvo
tarmslyng	N	suolitukos	ileus
tarmsykdom	N	suolistosairaus
tarmsystem	N	suolisto
tarmtømming	N	suolen tyhjennys
tarmvegg	N	suolen seinämä
tarmvolum	N	suolensisällön volyymi
taushetsbestemmelse	N	vaitiolopäätös
teknologiforståelse	N	teknologian ymmärtäminen
telefonveiledning	N	puhelinohjaus
temperaturforhold	N	lämpøolosuhteet
temperaturforhøyelse	N	kuumeen nousu
temperaturforstyrrelse	N	kehon lämpötilan häiriö
temperaturmåling	N	lämmönmittaus
temperaturregulering	N	lämmönsäätely
temperatursans	N	lämpöaisti
temperaturstigning	N	lämmönnousu
temperaturutvikling	N	kehon lämpötilan kehittyminen
tenningsmønster	N	syttymistapa
teorinivå	N	teoriataso
teoriutvikling	N	teorian kehitys
termometer	N	lämpömittari
termostatinnstilling	N	termiostaatin asetus
termostatinnstilling	N	termostaatin asento 
tertiærnæring	N	palveluelinkeino
testikkelkreft	N	kivessyöpä
testmåltid	N	testiateria
tidsbruk	N	ajankäyttö
tidsdimensjon	N	aikaulottuvuus
tidsopplevelse	N	ajan kokemus
tidsorientering	N	aikaan orientoituminen
tidspress	N	aikapaine
tilfredsstillelse	N	tyydyttyminen
tilknytningsteori	N	kiintymyssuhdeteoria
tilleggsbelastning	N	lisätaakka
tilleggskrav	N	lisävaatimus
tillitsforhold	N	luottamussuhde
tilsetning	N	lisä
tilsetningsmiddel	N	lisäaine
tilsynsrapport	N	valvontaselvitys
tilsynssak	N	valvonta-asia
tjenesteforløp	N	hoitopolku
tjenestekvalitet	N	palvelun laatu
tjenesteutøvelse	N	palvelunalan harjoittaminen
tjenesteutvikling	N	palveluiden kehittäminen
toalettbesøk	N	vessassa käynti
toalettforhøyer	N	WC-istuimen koroke
toalettrutine	N	vessassakäytnirutiini
toalettvane	N	vessassakäyntitavat
tømming	N	tyhjennys
tømmingsmønster	N	tyhjentymiskäytäntö
tømmingsplage	N	tyhjennysvaiva
tømmingsproblem	N	(suolen)tyhjennysongelma
tømmingsrefleks	N	(suolen)tyhjennysrefleksi
tømmingsrefleks	N	ulostusrefleksi
tømmingsregime	N	(suolen)tyhjennyssuunnitelma
tømmingstrang	N	ulostamistarve
tømmingsvane	N	tyhjentämistapa
tømmingsvanske	N	tyhjentämishäiriö
tonefall	N	äänenpaino
tørstfølelse	N	janon tunne
totalprotese	N	kokoproteesi
tradisjonsgrunnlag	N	perinnepohja
transduser	N	muunnin
transfett	N	transrasva
transkjønn	N	transsukupuoli
transperson	N	transhenkilö
transportmedium	N	kuljetusaine
transseksualisme	N	transseksualismi
traume	N	trauma
trekantprinsipp	N	kolmikantaperiaate
treningsregime	N	harjoitusohjelma
trigger	N	laukaisija
trombose	N	veritulppa
trombosering	N	veritulppien muodostumineN	tukosten muodostuminen
trommehinne	N	tärykalvo
trygghetopplevelse	N	turvallisuuden kokemus
trygghetsalarm	N	turvahälytin
trykkavlastning	N	paineen helpottaminen
trykkmadrass	N	painehaavapatja
trykksår	N	painehaavauma
trykksårrisiko	N	painehaavariski
trykkskade	N	painevaurio
tubespiss	N	tuubin kärki
tumor	N	kasvain	tuumori
tunnelsyn	N	kapeakatseisuus
turistdiaré	N	turistiripuli
tutekopp	N	nokkamuki
tvangsbehandling	N	pakkohoito
tvangsbruk	N	pakon käyttö
tvangslovgivning	N	tahdosta riippumatonta hoitoa (pakkohoitoa) koskeva lainsäädäntö
tvangsmating	N	pakkosyöttö
tvangsmedisinering	N	pakkolääkitys
tykningsmiddel	N	sakeutusaine
tyngdefornemmelse	N	painon tunne
uavhengighetsregel	N	riippumattomuussäännös
ukrenkelighet	N	loukkaamattomuus
ultralyd	N	ultraääni
ultralydapparat	N	ultraäänilaite
ultralydmaskin	N	ultraäänilaite
ultralydundersøkelse	N	kaikututkimus  ultraäänitutkimus
umyndiggjøring	N	vajaavaltaiseksi julistaminen
underlivvask	N	alapesu
underrapportering	N	aliraportointi
undersøkelsesmetode	N	tutkimusmenetelmä  tutkimusmetodi
understøtte	N	tukea
understøttelsesflate 	N	tukipinta
undervekt	N	alipaino
unnlatelse	N	tekemättä jättäminen
unnlatelsessynd	N	tekemättäjättämisen synti
urinavgang	N	virtsaaminen
urinblære	N	virtsarakko
urinering	N	virtsaus
urinflaske	N	virtsapullo
urininkontinens	N	virtsankarkailu	virtsainkontinenssi
urininkontinens	N	virtsankarkailu virtsainkontinenssi
urinkateter	N	virtsakatetri
urinleder	N	virtsajohdin
urinlekkasje	N	virtsankarkailu virtsainkontinenssi
urinmengde	N	virtsamäärä
urinpose	N	virtsapussi
urinproduksjon	N	virtantuotanto
urinsamling	N	virtsankeräys
urinstråle	N	virtsasuihku
urinstrøm	N	virtsasuihku
urintrykk	N	virtsan paine
urinutskillelse	N	virtsaneritys
urinutskilling	N	virtsaneritys
urinveisinfeksjon	N	virtsateidentulehdus
urinvolum	N	virtsan määrä
urørlighetssone	N	koskemattomuusvyöhyke
utånding	N	uloshengitys
utåndingsluft	N	uloshengitysilma
utenforskap	N	hyljeksinnän kokemus
utfoldelse	N	avautuminen	tapahtuminen
utfoldelsesmulighet	N	(itsensä) ilmentämismahdollisuudet          Trond sjekka språk hit	N	
utholdenhetstrening	N	kestävyysharjoittelu
utmattelse	N	uupumus
utmattelsessyndrom	N	väsymysoireyhtymä
utskrivelse	N	uloskirjoitus
utskriving	N	uloskirjoitus
utskrivingsbrev	N	kotiutuskirje
utskrivningssamtale	N	keskustelu ennen uloskirjoitusta
uttørring	N	kuivuminen
uttrykksmåte	N	ilmaisutapa
uttrykksmiddel	N	ilmaisukeino
utviklingshemning	N	kehitysvamma
utviklingstrinn	N	kehitysaste
vaginisme	N	vaginismi	emätinkouristus
våkenhet	N	valveillaolo
vaktskifte	N	vuoronvaihto
vakttelefon	N	päivystyspuhelin
vanninnhold	N	vesipitoisuus
vannklyster	N	vesiperäruiske
varedeklarasjon	N	tuoteseloste
varhet	N	varovaisuus	helläkätisyys
varmelaken	N	hätäpeite avaruuspeitto
varmelaken	N	lämpölakana suojapeite
varmepose	N	lämpöpussi
varmeproduksjon	N	lämmön tuotanto
varmestråling	N	lämmönsäteily
varmetapet	N	lämmmönhukka
varmeutmattelse	N	auringonpistos hypertermia
væskeansamling	N	nestekertymä
væskebalanse	N	nestetasapaino
væskebehandling	N	nestehoito
væskebehov	N	nesteen tarve
væskeinfusjon	N	nesteinfuusio
væskeinnhold	N	nestepitoisuus
væskeinntak	N	nesteensaanti
væskemangel	N	nestevajaus nestevaje
væskemengde	N	nestemäärä
væskeopphopning	N	nestekertymä
væskeoverskudd	N	nesteylimäärä
væskeregistrering	N	nestemäärien kirjaaminen
væskeregnskap	N	nestetasapaino(n kirjaus) 
væskerestriksjon	N	nesterajoitus
væskeskjema	N	pesutaulukko
væsketap	N	nestevajaus
væsketilførsel	N	nesteensaanti
væskeunderskudd	N	nestevajaus
vedlikeholdsomsorg	N	ylläpitohoito
vegetarrett	N	kasvisruoka
veiingstest	N	punnitustesti
vekseltrykk	N	vaihtuva paine
veksthormon	N	kasvuhormoni
vekstmedium	N	elatusaine
vektendring	N	painonmuutos
vektkurve	N	painokäyrä
vektøkning	N	painonnousu
vektreduksjon	N	painonpudotus
vektreduksjonstiltak	N	painonpudotustoimenpide
vekttap	N	painon putoaminen
vektutvikling	N	painon kehitys
velbehag	N	mielihyvä
velferdssystem	N	hyvinvointijärjestelmä
velgjørenhetsprinsipp	N	hyväntekemisen periaate
vellukt	N	hyvä tuoksu
velværeteknologi	N	hyvinvointiteknologia
venekateter	N	laskimokatetri
veneklaff	N	laskimoläppä
veneport	N	laskimoportti
venesystem	N	laskimojärjestelmä
venetrombose	N	laskimotukos
venetrombose	N	laskimotukos  laskimotromboosi
veneutvidelse	N	laskimolaajentuma
verdensbegrep	N	maailmankuva  maailmankäsitys
verdikonflikt	N	arvokonflikti	arvoristiriita
verdimodell	N	arvomalli
vevhormon	N	kudoshormoni
vevskade	N	kudosvaurio
vevsvæske	N	kudosneste
videokonsultasjon	N	videovastaanotto
virkelighetsflukt	N	pako todellisuudesta
virkemåte	N	vaikutustapa
virus	N	virus
virusanalyse	N	virusanalyysi
virusinfeksjon	N	virusinfektio
virussykdom	N	virussairaus
vitamindråpe	N	vitamiinitippa
vitaminstatus	N	vitamiinitila
vitenskapstradisjon	N	tiedetraditio
volumendring	N	tilavuuden muutos
vurderingsprosess	N	arviointiprosessi
vurderingsverktøy	N	arviointityökalu
yrkesfelt	N	ammattiala
yrkesidentitet	N	ammatti-identiteetti
yrkesrolle	N	ammattirooli
yrkesutøving	N	ammatin harjoittaminen
yteevne	N	suorituskyky
