0:25mg	N	
0g	N	
10mg	N	
123J-DAT	N	
15k	N	
16kg	N	
190g	N	
1938iSarpsborg	N	
1960-årene	N	
1970-årene	N	
1980-årene	N	
1990-årene	N	
1990årene	N	
1L	N	
2-1a	N	
20-årene	N	
20logo	N	
20vest	N	
21cm	N	
25mg	N	
25r	N	
2axng	N	
30-årene	N	
30°	N	
380nm	N	
3L	N	
40-årsalderen	N	
45°	N	
4A-3	N	
4A-testen	N	
4AT	N	
4AT-testen	N	
4i	N	
50-årsalderen	N	
5s	N	
60-årsalderen	N	
65-årsalderen	N	
67år	N	
6av	N	
70-årsalderen	N	
75-årsalderen	N	
780nm	N	
80-årsalderen	N	
80årog	N	
90-årsalderen	N	
ABCDE	N	
ABCDE-prinsippene	N	
ACE-hemmere	N	
ACampo	N	
ADL-INDEX	N	
ADL-Indeks	N	
ADL-delen	N	
ADL-svikt	N	
AT-lI	N	
Aa	N	
Aambø	N	
Aaron	N	
Aarønæs	N	
Aarts	N	
Aasmul	N	
Abuse	N	
Activity	N	
Acute	N	
Ådel	N	
Adelman	N	
Adjusted	N	
Adults	N	
Advisory	N	
Åfå	N	
Afasirammede	N	
Afram	N	
Ageing	N	
Agnosi	N	
Ahead	N	
Ahlskog	N	
Akesson	N	
Akinesi	N	
Aksoydan	N	
Aktivitøren	N	
Akuttgeriatrisk	N	
Akuttgeriatriske	N	
Al-Kasim	N	
Alavi	N	
Albyl	N	
Aldersbetinget	N	
Aldersrelaterte	N	
Alexopoulos	N	
Alici	N	
Alimemazin	N	
Almquist	N	
Alon	N	
Alzheimerforeningen	N	
Ambjørnsen	N	
Amen	N	
Amitryptilin	N	
Analpropper	N	
Andershed	N	
Anfinnsen	N	
Ångst	N	
Ansektan	N	
Ansikt-smerteskala	N	
Antidepressiver	N	
Antiepileptika	N	
Antikolinerge	N	
Antitrombotisk	N	
Ao	N	
Aortastenose	N	
Apné	N	
Apparsian	N	
Appelbaum	N	
Apraksi	N	
Areklett	N	
Arlinger	N	
Arteriell	N	
Arytmier	N	
Askham	N	
Aspinwall	N	
Assessment	N	
Asymptomatisk	N	
Ataksi	N	
Atchiey	N	
Atchley	N	
Aterosklerose	N	
Atferdsmessige	N	
Autoimmune	N	
Axéll	N	
Axelsson	N	
B	N	
BARTHEL	N	
Baath	N	
Båckström	N	
Bailey	N	
Bailly	N	
Baliey	N	
Balkom	N	
Ballentine	N	
Balu	N	
Barbosa	N	
Bardsley	N	
Barichella	N	
Barst	N	
Barthel	N	
Barthels	N	
Basu-Zharku	N	
Baumeister	N	
Bazana	N	
Baztån	N	
Beattie	N	
Beck-Depression	N	
Beekman	N	
Begravelsesuke	N	
Begreper	N	
Bekkebunnstrening	N	
Bellelli	N	
Bennet	N	
Benzodiazepiner	N	
Berg-Warman	N	
Bernabei	N	
Betablokkere	N	
Betmiga	N	
Betulac	N	
Bhuyan	N	
Bielecki	N	
Bieri	N	
Big	N	
Bing-Jonsson	N	
Bistrup	N	
Bjartmarz	N	
Bjørkløf	N	
Bjoro	N	
Bjøro	N	
Blågestad	N	
Blæremuskeikontraksjonen	N	
Bleijenberg	N	
Blevins	N	
Bliss	N	
Blodtrykkssenkende	N	
Blytt	N	
Bode	N	
Body-demens	N	
Bohlmeijer	N	
Bollig	N	
Børdahl	N	
Bosch-Lenders	N	
Boult	N	
Boyle	N	
Br-fall	N	
Braam	N	
Bradley	N	
Brandstädter	N	
Brandtstådter	N	
Brandtstädter	N	
Brattegjerd	N	
Breathing	N	
Breibart	N	
Breievne	N	
Brennan	N	
Brettschneider	N	
Brincat	N	
Brinkman-Stoppelenburg	N	
Bristolskalaen	N	
Brody	N	
Brooker	N	
Bruera	N	
Bucher	N	
Buman	N	
Burchenal	N	
Burns	N	
Burry	N	
Butcher	N	
Butler	N	
Byron-Daniel	N	
Bysenck	N	
CIRS-G	N	
CK-MB	N	
CNS-dempende	N	
Caban	N	
Calcigran	N	
Calleja-Agius	N	
Calment	N	
Calne	N	
Cameron	N	
Campisi	N	
Candida	N	
Capstick	N	
Carlén	N	
Carpinero	N	
Carr	N	
Carrol	N	
Carver	N	
Castle	N	
Catananti	N	
Caughey	N	
Cavanagh	N	
Celledød	N	
Cersosimo	N	
Cesari	N	
Cesaris	N	
Chai	N	
Chang	N	
Charlson	N	
Charlsons	N	
Charpentier	N	
Chassagne	N	
Chatterji	N	
Checklist	N	
Cheng	N	
Chenoweth	N	
Cheyne-Stokes	N	
Chröinin	N	
Churilla	N	
Cicely	N	
Cimas	N	
Circulation	N	
Ciucci	N	
Classification	N	
Clegg	N	
Clinical	N	
Closs	N	
Cochen	N	
Codwell	N	
Cognitive	N	
Cohen-Mansfield	N	
Collaboration	N	
Collerton	N	
Coma	N	
Committee	N	
Completed	N	
Comprehensive	N	
Conejero	N	
Confusion	N	
Conroy	N	
Continence	N	
Cooney	N	
Cooperative	N	
Copeland	N	
Corbin	N	
Cornell	N	
Cornells	N	
Corsodyl	N	
Corvol	N	
Covid-19	N	
Crammer	N	
Cramp	N	
Crocker	N	
Cronfalk	N	
Cronin	N	
Crooks	N	
Cruz-Jentoft	N	
Cumming	N	
Cummings	N	
Custers	N	
Cycle	N	
DAT-skan	N	
DEPRESSION	N	
Daatland	N	
Dahlhaug	N	
Dahlkvist	N	
Daien	N	
Dantes	N	
Daws	N	
Deakin	N	
Debesey	N	
Decibel	N	
Defekasjon	N	
Dehlin	N	
Demicheli	N	
Dendukuri	N	
Denosumab	N	
Depression	N	
Depressive	N	
Dermatitt	N	
Desvarieux	N	
Detkan	N	
Deuter	N	
Dezi	N	
Dezutter	N	
Dhital	N	
DiMinrio	N	
Diabetesrelaterte	N	
Diafragma	N	
Dickson	N	
Didilescu	N	
Diener	N	
Dietrichs	N	
Digitalispreparater	N	
Digoksin	N	
Diklofenak	N	
Disability	N	
Disch	N	
Disease	N	
Diseases	N	
Ditah	N	
Diuretika	N	
Doctor	N	
Dodd	N	
Doloplus	N	
Doloplus-2	N	
Donahoo	N	
Doserin	N	
Doughty	N	
Drageset	N	
Dreinhöfer	N	
Druml	N	
DuBeau	N	
Duggleby	N	
Dulcolax	N	
Dunning	N	
Duphalac	N	
Dyrekjøpte	N	
Dysfagi	N	
Dyspné	N	
EAOa	N	
ECOG-kategoriseringen	N	
ESAS-r	N	
ESASr	N	
Ea	N	
Early	N	
Eastern	N	
Ebrahim	N	
Ebrahimi	N	
Ediund	N	
Efficacy	N	
Efraimsson	N	
Egan	N	
Eggenberger	N	
Egopsykologiske	N	
Ein	N	
Ekerblad	N	
Ekern	N	
Eklund	N	
Eksekutiv	N	
Eksternal	N	
Elastisiteten	N	
Elderly	N	
Eldh	N	
Eldreovergrep	N	
Eldres	N	
Elektrofysiologisk	N	
Elektrofysiologiske	N	
Elektrolyttforstyrrelser	N	
Elektrostimulerende	N	
Elliott	N	
Emre	N	
Én	N	
Energiberiket	N	
Engangskateterisering	N	
Eni	N	
Eniaus	N	
Epidemiologi	N	
Ernæringsmessig	N	
Erving	N	
Esch	N	
Etiologi	N	
Europe	N	
Evaluation	N	
Excellence	N	
Exposure	N	
Extended	N	
Eye	N	
Eysenck	N	
Eysencks	N	
FES-I	N	
FLUKTUASJON	N	
Fagmed	N	
Faksvåg	N	
Faresignaler	N	
Farouk	N	
Færøyene	N	
Farsjø	N	
Fatigue	N	
Fayaz	N	
Fazil	N	
Federation	N	
Fedmerelaterte	N	
Fekalmassen	N	
Feldt	N	
Femfaktormodellen	N	
Ferry	N	
Fetherstonehaugh	N	
Fetherstonhaugh	N	
Fettløselige	N	
Fetveit	N	
Fiatarone	N	
Fillingim	N	
Finch	N	
Finderup	N	
Finlay	N	
Finucane	N	
Fiolinisten	N	
Fjærtoft	N	
Fjerstad	N	
Flaatten	N	
Flaherty	N	
Flanagan	N	
Fleming	N	
Flovik	N	
Folkevisdommen	N	
Folkman	N	
Fong	N	
Førland	N	
Forlopsskjema	N	
Førsund	N	
Førsunds	N	
Fossøy	N	
Fotstell	N	
Fowlers	N	
Fracture	N	
Frail	N	
Frailty	N	
Franceschi	N	
Fransiskushjelpens	N	
Frenkel	N	
Fried	N	
Friedman	N	
Friksons	N	
Frontotemporal	N	
Ft	N	
Fulmer	N	
Fumagalli	N	
Functional	N	
Funksjonsforbedrende	N	
Furjanic	N	
Fynne	N	
GLP1-analoger	N	
GLT2-hemmere	N	
Gaade	N	
Gabapentin	N	
Gade	N	
Gagliese	N	
Galek	N	
Gåramme	N	
Garlovsky	N	
Garsjø	N	
Gåtrening	N	
Gaugler	N	
Gaunt	N	
Gautun	N	
Gendreau	N	
Gennip	N	
Gergen	N	
Geriater	N	
Geriatric	N	
Geriatrics	N	
Geriatrisktest	N	
Gerodontologisk	N	
Giddens	N	
Giele	N	
Gillespie	N	
Gillick	N	
Ginkel	N	
Given	N	
Gjennommrengende	N	
Gjenopptrening	N	
Gjerberg	N	
Gjevjon	N	
Glaukom	N	
Glyseroltrinitrat	N	
Go-testen	N	
Goetz	N	
Goffmann	N	
Gormley	N	
Götell	N	
Gozalo	N	
Grabowski	N	
Granbo	N	
Grant	N	
Gråtetokter	N	
Graverholt	N	
Greenberger	N	
Greenwood	N	
Greider	N	
Grenz	N	
Grigoryan	N	
Gripestyrke	N	
Gripestyrken	N	
Grisso	N	
Groenendijk	N	
Grönstedt	N	
Grøthe	N	
Growing	N	
Gruszczyfiska	N	
Gruszczyriska	N	
Guidetti	N	
Guralnik	N	
Guten	N	
Gutmann	N	
Gutmanns	N	
HRQoL	N	
Hackett	N	
Hadler	N	
Hagesæther	N	
Hågglund	N	
Haldolø	N	
Halliwell	N	
Haloperidol	N	
Hamada	N	
Hancock	N	
Hannaford	N	
Harkness	N	
Harlos	N	
Harman	N	
Harmann	N	
Harwood	N	
Hassanin	N	
Haukelien	N	
Haukeliens	N	
Havighurst	N	
Havnerås	N	
Haw	N	
Hayflick	N	
Hayflicks	N	
Hb	N	
HbA	N	
HbA1C-diagnostikk	N	
HbA1c	N	
HbA1c-grense	N	
HbA1c-verdi	N	
HbA1cverdi	N	
HbAlc	N	
HbAlc-verdi	N	
HbaAlc	N	
Health	N	
Heaphy	N	
Hearing	N	
Heaton	N	
Heggestad	N	
Heimlichs	N	
Helbostad	N	
Held	N	
Heliker	N	
Hellqvist	N	
Helprotese	N	
Helsedirektotatet	N	
Hemiparkinsonisme	N	
Hendriks	N	
Hendry	N	
Henoch	N	
Herlofson	N	
Hicks	N	
Higginson	N	
Hilari	N	
Hindley	N	
Hinkle	N	
Hinsley	N	
Hiprex	N	
Hjalmarsen	N	
Hjemmebesøk	N	
Hjemmebesøkene	N	
Hjemmedød	N	
Hjemmsykepleien	N	
Hjerte-kar	N	
Hjertearytmier	N	
Hø	N	
Hochberg	N	
Hochschild	N	
Hodder	N	
Hoeffer	N	
Hofoss	N	
Høgskulen	N	
Holdningsskapende	N	
Holroyd	N	
Holroyd-Leduc	N	
Homelien	N	
Homøostase	N	
Hoover	N	
Hopewell	N	
Hopkinson	N	
Hormonelle	N	
Hørselstap	N	
Horton	N	
Høs	N	
Hovedscreening	N	
Howe	N	
Hughes	N	
Hukommelsessvikt	N	
Human-Etisk	N	
Hummelvoll	N	
Humphreys	N	
Husebo	N	
Hvidt	N	
Hydrering	N	
Hylen	N	
Hyman	N	
Hyoppstått	N	
Hyper	N	
Hyperakutt	N	
Hyperglykemi	N	
Hypertensjon	N	
Hypo	N	
Hypoaktivt	N	
Hypoglykemi	N	
Hypokalsemi	N	
Hypoksi	N	
II-hemmere	N	
IPLOS-skjemaet	N	
ISAR-positiv	N	
ISAR-positive	N	
Identification	N	
Ihle-Hansen	N	
Ikke-medikamentell	N	
Ikke-medikamentelle	N	
Ikke-motoriske	N	
Ikke-steroide	N	
Ikke-verbale	N	
Illeluktende	N	
Immobilisering	N	
Immunresponsen	N	
Imovane	N	
Impairment	N	
Inbadas	N	
Index	N	
Individer	N	
Indredavik	N	
Indus	N	
Inneliggende	N	
Innerullatorer	N	
Innes	N	
Innflytting	N	
Innsovningsmidler	N	
Innsovningsproblemer	N	
Inouye	N	
Insomni	N	
Instenes	N	
Institute	N	
Insulinresistens	N	
Integritetsbevarende	N	
Intensivmedisinsk	N	
Intermitterende	N	
Internal	N	
Interpersonlig	N	
Intravenøs	N	
Inventory	N	
Irurita	N	
Iskemien	N	
Iskemisk	N	
Istvandity	N	
Jacelon	N	
Jakicic	N	
Jarland	N	
Jaul	N	
Jeg-sentrering	N	
Jenkins	N	
Jensen-Dahm	N	
Jeske	N	
Jesu	N	
Jinr	N	
Johannesson	N	
Johnston	N	
Jokstad	N	
Jordfestelse	N	
Jordfestelsen	N	
Juliebø	N	
Jungs	N	
Jurgens	N	
KOMPIE	N	
KT-NR3	N	
Kalfoss	N	
Kallenberg	N	
Kammeret	N	
Kammerlander	N	
Kanis	N	
Karbad	N	
Karbamazepin	N	
Karel	N	
Karnofsky	N	
Karnofskys	N	
Katarakt	N	
Kateteret	N	
Kelaiditi	N	
Kersten	N	
Keshini	N	
Kihlgren	N	
Kihlgrens	N	
King's	N	
Kirkman	N	
Kirkwood	N	
Kirud	N	
Kitwood	N	
Kitwoods	N	
Kitzmiiller	N	
Kitzmiller	N	
Kivela	N	
Kjerholt	N	
Klammerne	N	
Kleinman	N	
Klinisk-kjemisk	N	
Klometiazol	N	
Klomstad	N	
Klorheksidin	N	
Knight	N	
Knit	N	
Ko	N	
Koenig	N	
Kolinesterasehemmere	N	
Kölves	N	
Komorbiditet	N	
Konsumerisme	N	
Konsumerismepregede	N	
Kontrakturer	N	
Koo	N	
Kooten	N	
Korhan	N	
Koronar	N	
Kortebein	N	
Kortikale	N	
Kortikosteroider	N	
Korttidsavdelinger	N	
Korttidseffekten	N	
Korttidsopphold	N	
Korttidsplass	N	
Kouwenhoven	N	
Krause	N	
Kreatinin	N	
Kroemeke	N	
Krogseth	N	
Kuerbis	N	
Kunzmann	N	
Kutlubaev	N	
Kuven	N	
Kuypers	N	
LaRocca	N	
Laake	N	
Lach	N	
Laktulose	N	
Låmås	N	
Landefeld	N	
Landefeldt	N	
Landi	N	
Langdon	N	
Langeland	N	
Langtidsavdelinger	N	
Lapierre	N	
Laserbehandling	N	
Lav-middels	N	
Lavan	N	
Lavransdatter	N	
Lawton	N	
Laxoberal	N	
Leeéson	N	
Leeson	N	
Leeuwenburgh	N	
Lefebvre-Chapiro	N	
Legemiddelrelaterte	N	
Leidy	N	
Lennaerts	N	
Lennearts	N	
Leplege	N	
Lerdal	N	
Lesesynet	N	
Letica-Kriegel	N	
Levine	N	
Levines	N	
Levodopa	N	
Lewy	N	
Liason	N	
Liggestilling	N	
Likeledes	N	
Lillekroken	N	
Lindegaard	N	
Linnsund	N	
Lipofuscinet	N	
Livsforlengende	N	
Livshistoriefokusert	N	
Livshus	N	
Livssynshumanistisk	N	
Ljoså	N	
Ljøså	N	
Ljunggren	N	
Ljungren	N	
Locsin	N	
Loewy	N	
Lokalisasjon	N	
Longitudinelle	N	
Look	N	
Lorenzo-Löpez	N	
Lovisenberg	N	
Lowson	N	
Lukacz	N	
Lunelax	N	
MAO-B	N	
MMS-NR	N	
MMSE-NR	N	
MMSE-NR3	N	
MMSE-NR93	N	
MOBID-2	N	
MSc	N	
MacDonald	N	
Maciejewski	N	
Mackenzie	N	
Magelssen	N	
Magerkurth	N	
Maher	N	
Mahoney	N	
Makrolidantibiotika	N	
Makrovaskulære	N	
Maldonado	N	
Malmstrom	N	
Mamhidir	N	
Man-van	N	
Management	N	
Mangin	N	
Mangione	N	
Mangoni	N	
Mangset	N	
Marcantonio	N	
Marjolein	N	
Markle-Reid	N	
Marsh	N	
Martinez-Martin	N	
Martis	N	
Mary's	N	
Masnoon	N	
Mathillas	N	
Matombringing	N	
Matsumoto	N	
Mattiason	N	
Mattiasson	N	
Mayo-Wilson	N	
Mazya	N	
McCafferys	N	
McCaffrey	N	
McClement	N	
McCoy	N	
McCrae	N	
McCraes	N	
McCurren	N	
McCusker	N	
McDonagh	N	
McDougall	N	
McGill	N	
McGillion	N	
McGills	N	
McIlfatrick	N	
McKeith	N	
McLaws	N	
McNicoll	N	
McPherson	N	
McSherry	N	
MeBee	N	
Measure	N	
Medicine	N	
Medikamentell	N	
Mekti	N	
Melin-Johansson	N	
MelinJohansson	N	
Melzack	N	
Melzer	N	
Méniéres	N	
Mensen	N	
Meo	N	
Meo-metoden	N	
Meo-terapeut	N	
Meo-veiledning	N	
Meoni	N	
Merla	N	
Mestringsteoretiske	N	
Metabolsk	N	
Metformin	N	
Method	N	
Microlax	N	
MidazolamO	N	
Middleton	N	
Miihlig	N	
Mijnnegudstjænest	N	
Mikrovaskulære	N	
Mini-Cog	N	
Mitchell	N	
Mitnitski	N	
Miyashita	N	
Mjørud	N	
Mkhonto	N	
MoCA	N	
Mobility	N	
Mobilsering	N	
Modified	N	
Molven	N	
Montgomery-Åsberg	N	
Morandi	N	
Moræus	N	
Morhardt	N	
Morley	N	
Moskowitz	N	
Movement	N	
MovicoP	N	
Movicol	N	
Mowe	N	
Mroczek	N	
Multiple	N	
Multisykdom	N	
Multisyke	N	
Murphree	N	
Muskel-skjelett	N	
NATTESØ	N	
NEWS2	N	
NORGEP-kriteriene	N	
NSAID	N	
NSAID-preparatene	N	
NSAID-preparater	N	
NSF-MPQ	N	
NSTEMI	N	
NaCl	N	
Naess	N	
Nakrem	N	
Nancarrow	N	
Naylor	N	
Nedbrytningen	N	
Nedtrykthet	N	
Nefropati	N	
Neglekt	N	
Nerdrum	N	
Nerve-muskel	N	
Neugarten	N	
Neuropathology	N	
Neuropsykologiske	N	
Nevrologisk	N	
Nevrologiske	N	
Nevropati	N	
Nevropatiske	N	
Nevropsykiatriske	N	
Nichol	N	
Niknejad	N	
Nøddeskou	N	
Nolan	N	
Nolen-Heksema	N	
Nonmt	N	
NorGEP	N	
NorLAG	N	
Norcross	N	
NordNorge	N	
Norsk-geriatrisk	N	
Norskfødte	N	
Northcott	N	
Nouwen	N	
Nowak	N	
Numeric	N	
Nurishima	N	
Nutritional	N	
Nyoppståt	N	
Nyoppstått	N	
Nyoppståtte	N	
Nysppstått	N	
O'Brien	N	
O'Mahony	N	
O'Riordan	N	
Observasjonsbaserte	N	
Observations	N	
Odbehr	N	
Ødbehr	N	
Odencrants	N	
Oh	N	
Oken	N	
Oksazepam	N	
Okuyama	N	
Olenek	N	
Olson	N	
Omli	N	
Omsorgsyteren	N	
Oncology	N	
Opioide	N	
Opioider	N	
Oppreittholdelse	N	
Orlien	N	
Ortostatisk	N	
OsloMet	N	
Osteopeni	N	
Østeoporose	N	
Osteoporotiske	N	
Oved	N	
Overgaard	N	
Owen	N	
Özlålerden	N	
PARAMETRE	N	
Paap	N	
Pain	N	
Painful	N	
Palleschi	N	
Palpasjon	N	
Paracetamol	N	
Pargament	N	
Parkinson's	N	
Parkinsonforbund	N	
Parkinsonsymptomene	N	
Parkisons	N	
Paro	N	
Pårørendeveilederen	N	
Parsons	N	
Pasieriten	N	
Patel	N	
Pathway	N	
Patogenese	N	
Pearse	N	
Peck	N	
Penzer	N	
People	N	
Pepin	N	
Perera	N	
Performance	N	
Performcance	N	
Perioperativ	N	
Perkins	N	
Perorale	N	
Phelan	N	
PhoneEasy	N	
Physical	N	
Physicians	N	
Pickard	N	
Pickering	N	
Pickles	N	
Piers	N	
Pindus	N	
Pinzon	N	
Pitkala	N	
Plakk	N	
Plastow	N	
Plöthner	N	
Pneumoni	N	
Pneumonier	N	
Podsiadlo	N	
Poengskåren	N	
Pølselignende	N	
Polson	N	
Poluri	N	
Polyfarmasi	N	
Pond	N	
Portegijs	N	
Pouwer	N	
Preoperativ	N	
Prestmo	N	
Primærdegenerative	N	
Primærforebyggende	N	
Primærforebygging	N	
Procter	N	
Prostatahyperplasi	N	
Psychiatric	N	
Psychiatry	N	
Psykoterapeutisk	N	
Psykoterapi	N	
Psykotiske	N	
Puntillo	N	
Pursennid	N	
Pustebesvær	N	
Questionaire	N	
Questionnaire	N	
RAID-N	N	
Radbruch	N	
Rafferty	N	
Ramig	N	
Rankin	N	
Rankins	N	
Ransmayr	N	
Rapid	N	
Rashidi	N	
Rating	N	
Rattan	N	
Raue	N	
Rautemaa	N	
Rawlins	N	
Recommendation	N	
Reflukssykdom	N	
Religionspsykologisk	N	
Renitec	N	
Renolen	N	
Rensink	N	
Renteln-Kruse	N	
Repål	N	
Residualurin	N	
Resiliens	N	
Reynolds	N	
Rice	N	
Rich	N	
Richardson	N	
Richie	N	
Ridley	N	
Rie	N	
Riegel	N	
Riet	N	
Rigid	N	
Rigiditet	N	
Risacher	N	
Robertson	N	
RobinulG	N	
Robotdyr	N	
Rockwood	N	
Rodriguez-Mafias	N	
Roedl	N	
Röhrl	N	
Rolland	N	
Rollands	N	
Rolletap	N	
Romøren	N	
Romskaug	N	
Rønnning	N	
Rosbergen	N	
Røsstad	N	
Rostoft	N	
Rourke	N	
Routasalo	N	
Rozzini	N	
Rubenstein	N	
Rubners	N	
Rundgren	N	
Rushton	N	
Rydén	N	
SCALE	N	
SCORE2	N	
SEISAR-kartleggingen	N	
SEISAR-metoden	N	
SEISAR-modellen	N	
SEISAR-skjemaet	N	
SEISAR-vurderingen	N	
SF-MPQ	N	
SGLT2-hemmere	N	
SSRI-preparater	N	
SSRIpreparater	N	
ST-elevation	N	
STEMD	N	
STEMI	N	
STOPP-2	N	
STOPP-kriteriene	N	
STOPPFrail	N	
Saal	N	
Sabath	N	
Salman	N	
Saltvedt	N	
Salutogenese	N	
Salvi	N	
Sandman	N	
Sandmoe	N	
Sansesvekkelse	N	
Sansesvikt	N	
Sansetap	N	
Sansetapene	N	
Sansoni	N	
Santesso	N	
Santy-Tomlinson	N	
Sarkopeni	N	
Sarotex	N	
Saude	N	
Saz	N	
Scale	N	
Scales	N	
Scand	N	
Schag	N	
Schaik	N	
Schlemms	N	
Schmaltz	N	
Schnell	N	
Schoevers	N	
Scholler-Jaquish	N	
Schram	N	
Schroeck	N	
Schuch	N	
Schwartzer	N	
Sci	N	
Scocco	N	
Sedativa	N	
Sederende	N	
Sekundærforebyggende	N	
Sekundærforebygging	N	
Selbæk	N	
Seligman	N	
Selvet	N	
Selvhjulpen	N	
Selvom	N	
Selvrapport	N	
Selvteoretikere	N	
Selvteorier	N	
Senfølger	N	
Senforandringer	N	
Sengeliggende	N	
Senkomplikasjoner	N	
Senmoderniteten	N	
Sensibiliteten	N	
Sensorisk	N	
Seponering	N	
Sergi	N	
Seruiatog	N	
Severity	N	
Shahid	N	
Shephard	N	
Shumway-Cook	N	
Siansmemningen	N	
Siciliano	N	
Siddiqi	N	
Sidenvall	N	
Silverman	N	
Situasjonsavhengige	N	
Six	N	
Sjøbø	N	
Sjösten	N	
Skovdahl	N	
Skowronski	N	
Skrøpelighets-indekser	N	
Skulekameratar	N	
Skumsnes	N	
Skyllevann	N	
Slater	N	
Slettvold	N	
Sloane	N	
Smailhodzi	N	
Småsoving	N	
Smebye	N	
Smertelindrende	N	
Smérter	N	
Smeyne	N	
Smith-Strøm	N	
SmithStrøm	N	
Smulter	N	
Snorkelyder	N	
Snulister	N	
Sobril	N	
Sobril-dosen	N	
Socialministeriet	N	
Society	N	
Soderhamn	N	
Sollami	N	
Sor	N	
Sør-Asia	N	
Sør-Europa	N	
Sorgåret	N	
Sorguken	N	
Sørøst-Norge	N	
Sosialgerontologi	N	
Sosiety	N	
Sosioreligiøse	N	
Soving	N	
Søvnapné	N	
Søvnrelaterte	N	
Søynmønsteret	N	
SpO	N	
Spect	N	
Spesialtilpassede	N	
Spigset	N	
Spisehjelp	N	
Spo	N	
Staats	N	
Standardised	N	
State	N	
Steenfedt	N	
Steenfeldt	N	
Stefano	N	
Stefanson	N	
Stelmack	N	
Stevenson	N	
Stifoss-Hanssen	N	
StifossHanssen	N	
Stillehavsøya	N	
Straand	N	
Strandli	N	
Strandquist	N	
Stratton	N	
Strech	N	
Strobel	N	
Stroke	N	
Strope	N	
Stuck	N	
Studenski	N	
Subakutt	N	
Subduralt	N	
Subkortikale	N	
Subkutan	N	
Subkutant	N	
Subramaniam	N	
Substantia	N	
Sundsli	N	
Sunvisson	N	
Supervia	N	
Suspicion	N	
Suttrup	N	
Svelgeproblemer	N	
Svelgevansker	N	
Sveneus	N	
Sykd	N	
Sykehistorien	N	
Sykepleieetikeren	N	
Sykepleieie	N	
Sykepleierledet	N	
Sylliaas	N	
Sympatikomimetika	N	
Symtomlinding	N	
Synshallusinajoner	N	
Synshemmede	N	
Synsnedsettende	N	
Systematic	N	
Systolisk	N	
Szostak	N	
Tagliaferri	N	
Tari	N	
Tauber-Gilmore	N	
Teachers	N	
Teeri	N	
Telenius	N	
Telomer	N	
Telomerase	N	
Telomerteorien	N	
Tertiærforebyggende	N	
Tertiærforebygging	N	
Textbook	N	
Thalamus	N	
Thobois	N	
Thomson	N	
Thoonsen	N	
Thorsén	N	
Thyli	N	
Tiesinga	N	
Tikopia	N	
Tillich	N	
Tillichs	N	
Tillitskapende	N	
Timed	N	
Tinetti	N	
Toeller	N	
Toilax	N	
Toles	N	
Tomlinson	N	
Tomstad	N	
Tornstam	N	
Tørsterefleksen	N	
Toviaz	N	
Trekkpsykologiske	N	
Trialists	N	
Tripp-Reimer	N	
Trisykliske	N	
Trivedi	N	
Trombektomi	N	
Trombocytter	N	
Trombolysebehandling	N	
Trombolytisk	N	
Tromsø-undersøkelsen	N	
TroponinT	N	
Tsai	N	
Tungpust	N	
Tungpustethet	N	
Tverrsnittsdata	N	
Twigg	N	
Tyoppsttt	N	
Typet	N	
Tyrrell	N	
UPDRS-skalaen	N	
Ubehandlet	N	
Ui	N	
UiA	N	
Uleberg	N	
Ulstrup	N	
Undersøkelsesspoengsum	N	
Understanding	N	
Unified	N	
Unresponsive	N	
Uoppmerksombhet	N	
Up	N	
Upadhyaya	N	
Upand	N	
Urinlating	N	
Urinlatingsforstyrrelser	N	
Urinlatingsplager	N	
Urinretensjon	N	
Uspesifikke	N	
Ustøhet	N	
Uterullatorer	N	
Utviklingsmessige	N	
Utvisket	N	
Uvnås-Moberg	N	
Vaaler	N	
Vacha-Haase	N	
Valeberg	N	
Valentiner	N	
Van	N	
VandeWeerd	N	
Vandig	N	
Væri	N	
Vaskekremer	N	
Væskeretensjon	N	
Vaskulær	N	
Vassbø	N	
Vatnøy	N	
Vecsei	N	
Vedinrileggelse	N	
Veitap	N	
Vekttapi	N	
Velferdsteknologiske	N	
Venestuvning	N	
Venøs	N	
Venøse	N	
Veronese	N	
Versen	N	
Vesterhus	N	
Vestibulærsystemet	N	
Vetrano	N	
Vetvik	N	
Villareal	N	
Vinsnes	N	
Visser	N	
Vlachantoni	N	
Voice	N	
Volpato	N	
Volumøkende	N	
Vossius	N	
Vrålstad	N	
WARNING	N	
Waern	N	
Waite	N	
Wald	N	
Wallerstedt	N	
Wåndell	N	
Wang-Hansen	N	
Wang-Hanssen	N	
Wannebo	N	
Wardlaw	N	
Ware	N	
Warman	N	
Warnecke	N	
Warning	N	
Waterloo-skalaen	N	
Weiner	N	
Wekre	N	
Wellspring	N	
Werna	N	
Wesnes	N	
Westergren	N	
Wetherell	N	
Whitney	N	
Wieland	N	
Wilkie	N	
Williamson	N	
Winning	N	
Winsløv	N	
Winsløw	N	
Wipke-Tevis	N	
Witlox	N	
WognHenriksen	N	
Woollacott	N	
Wressle	N	
Wyller	N	
Wyman	N	
XXXxX	N	
Xxxx	N	
Yaffe	N	
Yalom	N	
Yamany	N	
Yap	N	
Yardley	N	
Yeager	N	
Yon	N	
Ytrehus	N	
Ytterberg	N	
Yukawa	N	
Zalo	N	
Zengarini	N	
Zigmond	N	
Zingmark	N	
Zoffman	N	
Zoffmann	N	
Zweig	N	
a-c	N	
aasiiiine	N	
abdomen	N	
abdominale	N	
absorberbare	N	
abuse	N	
acetyl	N	
acetylkolin	N	
ad	N	
adheranser	N	
adrenerge	N	
adrenergika	N	
advance	N	
afasirammede	N	
ågiopplæring	N	
agita	N	
agnosi	N	
agonister	N	
ahmaddia	N	
aid	N	
airwaybreathing-circulation	N	
akatisi	N	
akinesi	N	
åksepterer	N	
aktivei	N	
aktivitetsmål	N	
aktivitetsrommet	N	
aktivitøren	N	
aktivitørene	N	
aktvitets	N	
åkuk	N	
akuttavdelingen	N	
akuttavdelinger	N	
akuttfasen	N	
akuttfunksjon	N	
akuttfunksjoner	N	
akuttgeriatriske	N	
akuttinnlagte	N	
akuttinnleg	N	
akuttinnleggelse	N	
akuttinnleggelsene	N	
akuttinnleggelser	N	
akuttmedisinske	N	
akuttmottak	N	
akuttmottaket	N	
akuttpsykiatriske	N	
akuttsituasjon	N	
albicans	N	
alderdomnien	N	
aldersbetingede	N	
alderspigmentering	N	
alderspsykiatrisk	N	
aldersrelaterte	N	
alderstypiske	N	
aldosteron-systemet	N	
aldringoghelse	N	
aldringsgen	N	
alendronat	N	
alimemazin	N	
alkoholabstinens	N	
alkoholrelaterte	N	
allmennkulturelle	N	
allroundrullestol	N	
alt-i	N	
alveolene	N	
alveoler	N	
alveollufta	N	
ambulant	N	
ambulante	N	
amitriptylin	N	
amitryptilin	N	
analgetika	N	
analgetikalegemidler	N	
analgetisk	N	
analkanalen	N	
analoger	N	
analpropp	N	
analringmuskelen	N	
anartri	N	
anastomoselekkasje	N	
åndre	N	
androgyne	N	
ångina	N	
angiotensin	N	
angstdemping	N	
angstsymtomer	N	
anliggender	N	
annens	N	
anorektale	N	
anorexia	N	
anosognosi	N	
ansikt-smerteskala	N	
ansikter	N	
anspenthet	N	
antagonister	N	
anti-inflammatoriske	N	
antidepressive	N	
antidepressiver	N	
antidepressivum	N	
antidiabetika	N	
antidiuretisk	N	
antiepileptika	N	
antiepileptisk	N	
antigen	N	
antihormonell	N	
antihypertensiva	N	
antikoagulans	N	
antikoagulanter	N	
antikoagulasjon	N	
antikoli	N	
antikolinerg	N	
antikolinerge	N	
antikolinergika	N	
antiobstipasjonstiltak	N	
antiobstipasjonstiltakene	N	
antiparkinson	N	
antipsykotika	N	
antipsykotiske	N	
antiseptikum	N	
antisosial	N	
antityngdekraftmusklene	N	
anuri	N	
ao	N	
aortaklaffer	N	
aortastenose	N	
åpen-konservativ	N	
apne	N	
apnoe	N	
apparater	N	
appetittløshet	N	
apraksi	N	
arakteristiske	N	
årbeid	N	
arbeidsark	N	
arbeidsoppave	N	
arisvar	N	
arlite	N	
armenske	N	
arterielle	N	
arterielt	N	
arterioler	N	
artritt	N	
arvematerialet	N	
arytmier	N	
ascites	N	
aspirasjen	N	
assessment	N	
asymptomatisk	N	
atakk	N	
ataksi	N	
ataktisk	N	
atas	N	
aterd	N	
aterosklerose	N	
aterosklerotiske	N	
atferdsmessige	N	
atonisk	N	
atrieflimmer	N	
atrofierer	N	
atrofisk	N	
audiometri	N	
autofokusere	N	
autoimmun	N	
åv	N	
avå	N	
åvdelinger	N	
avgifte	N	
avinstitusjonalisering	N	
avklemt	N	
avlegemidler	N	
avpasning	N	
avskrapbart	N	
avsporet	N	
avstandsbedømme	N	
avstandsbedømming	N	
avstengning	N	
avvergereaksjoner	N	
b	N	
badeflisene	N	
badegulvet	N	
badeprosedyrer	N	
bakteriuri	N	
balansetøtte	N	
balinesiske	N	
bårerommene	N	
barnepludring	N	
basalcellekarsinom	N	
basalgangliene	N	
basalinsulin	N	
basalstoffskifte	N	
befolkningsbasert	N	
begren	N	
begreper	N	
behandlingsfokusert	N	
behandlingsintervaller	N	
behandlingsmessige	N	
behandlingsmulige	N	
behovsmedikasjon	N	
beinberre	N	
beinvev	N	
bekkenbunn	N	
bekkenbunnsmuskulaturen	N	
bekkenbunnstrening	N	
bekkesilder	N	
bekvemme	N	
benzodiazepin	N	
benzodiazepinene	N	
benzodiazepiner	N	
beskrevne	N	
bestillerenhet	N	
bestillerkontor	N	
bestillerkontoret	N	
beta-2	N	
betaamyloid	N	
betablokkere	N	
betacellene	N	
betalingssystemer	N	
betastimulatorer	N	
betyri	N	
bevissthetsnnå	N	
bg	N	
bibelord	N	
bieffekter	N	
bildebaserte	N	
biofeedback	N	
biopsykososiale	N	
biperiden	N	
bipolar	N	
bisakodyl	N	
bisfosfonat	N	
bisfosfonater	N	
bistorie	N	
biting	N	
bjelpeplikten	N	
blærekatetre	N	
blæreskanning	N	
blåtoner	N	
blekrosa	N	
blendet	N	
blodforskyning	N	
blodgjennomstrømning	N	
blodglu	N	
blodi	N	
blodlipider	N	
blødningstiden	N	
blodtrykksmål	N	
bo-område	N	
boduykksverdi	N	
boi	N	
bønnelivet	N	
bønnetider	N	
boralenei	N	
bori	N	
botulinumtoksin	N	
bowels	N	
bradykardi	N	
brannfarlige	N	
brannhemmende	N	
brannsprinkling-anlegget	N	
bredspektret	N	
bronkiolene	N	
bronkolytika	N	
bruddstykker	N	
brudekistene	N	
brukerrettighetsloveti	N	
brukesi	N	
brukitidlig	N	
brusetabletter	N	
bsrem	N	
bukstøt	N	
buprenorfin	N	
cand	N	
candidose	N	
care	N	
caroticus-syndrom	N	
case-finding	N	
case-studie	N	
celekoksib	N	
cellebiologiske	N	
celledød	N	
cellulær	N	
cellulære	N	
centre	N	
cerebrovaskulære	N	
chorioidea	N	
ciliaris	N	
ciliarmuskel	N	
cochleaimplantat	N	
coherence	N	
colibakterier	N	
colli	N	
coma	N	
comprehensive	N	
computertomografi	N	
confusion	N	
conjunctiva	N	
cornea	N	
covid-19	N	
cyanose	N	
cyanotiske	N	
cyanoze	N	
cyklosporin	N	
cystoscopi	N	
cytokiner	N	
dBHL	N	
dHøyreøre	N	
dL	N	
dare	N	
death	N	
debrifing	N	
decubitus	N	
defekasjon	N	
defekasjonen	N	
defekasjonsreflek	N	
defekasjonssenteret	N	
defibrillatorer	N	
degenerativ	N	
degenerative	N	
degt	N	
deliret	N	
delirtilfellene	N	
delirum	N	
delsen	N	
demens-diagnose	N	
demensførløp	N	
demensomisorg	N	
demensomsorgeni	N	
dénne	N	
denosumab	N	
depres	N	
depressive	N	
depressivt	N	
derav	N	
dermatitt	N	
desembermorgen	N	
detaljsyn	N	
detansettes	N	
deti	N	
diabetesprevalens	N	
diafragma	N	
diagnoseorienterte	N	
diagnosespesifikke	N	
diakonale	N	
diaré-episode	N	
diastolen	N	
diazepam	N	
digitalispreparater	N	
digoksin	N	
diklofenak	N	
directive	N	
direktevirkende	N	
disability-exposure	N	
disease	N	
disengagement	N	
distress	N	
distriktsmedisinske	N	
diurese	N	
diuresen	N	
diuretika	N	
divertikler	N	
dobbeltkontrolleres	N	
dobbeltmedisinering	N	
dobbeltstue	N	
dødsønsker	N	
dødsralling	N	
døgnkontinuerlig	N	
dokumentasjonssystemer	N	
door-to	N	
dopaminagonister	N	
dopaminerge	N	
dopamintransporter-scintigrafi	N	
dorsalfleksjonen	N	
doseavhengig	N	
døsen	N	
dosetten	N	
døsighet	N	
drikkelig	N	
drikkeog	N	
dusjedagen	N	
dyrkningssvar	N	
dysartr	N	
dysartri	N	
dysfagi	N	
dysfasi	N	
dyskinesier	N	
dyslipidemi	N	
dyspepsi	N	
dyspné	N	
dyspnoe	N	
dysterhet	N	
dystoni	N	
e-læringskurs	N	
ea	N	
early	N	
ef	N	
efektivt	N	
effek	N	
effektivitetsjag	N	
efficacy	N	
egendefinerte	N	
egenkontroll	N	
egenmålt	N	
egenomsorgs-krav	N	
egenomsorgsmessige	N	
egenrapport	N	
egenrapportert	N	
egenrensing	N	
egenvurdert	N	
egernomsorgsevne	N	
ego-transcendens	N	
ehovi	N	
ejeksjonsfraksjon	N	
ekkokardiografi	N	
eksaserbasjoner	N	
eksekutive	N	
eksempelen	N	
ekspektorat	N	
ekspektort	N	
ekspertdominert	N	
ekspertstyrt	N	
ekspirasjon	N	
ekspirasjonen	N	
ekspirasjonsluft	N	
ekspirasjonslyd	N	
ekspiratorisk	N	
eksplorasjon	N	
eksplorasjonen	N	
eksplorasjonskrem	N	
eksternal	N	
ekstroversjon	N	
elastin	N	
elastisitet	N	
elastisiteten	N	
eldopa	N	
eldrebefolkningen	N	
eldregrupper	N	
eldreinstitusjoner	N	
eldrepedagogikk	N	
eldres	N	
eldresenteret	N	
eldresentre	N	
elektrokardiografi	N	
elektrokonvulsiv	N	
elektrolyttbalanse	N	
elektrolytter	N	
elektrolyttforstyrrelser	N	
elektromagnetiske	N	
elektromyografi	N	
elektrostimulerende	N	
elektrostimulering	N	
ellerapo	N	
elleri	N	
emerita	N	
emn	N	
emosjonsfokusert	N	
enalapril	N	
encefalitt	N	
endå	N	
endokarditt	N	
endokrine	N	
endose	N	
endoskopisk	N	
energiberiket	N	
energikan	N	
engangs-vaskehanske	N	
engangsdose	N	
engangskateter	N	
engangsutstyr	N	
engstelighet	N	
énkelie	N	
enkeltårsaken	N	
enkeltbildene	N	
enkeltdiagnose	N	
énkelte	N	
enkelthandlinger	N	
enkeltproblemer	N	
enkeltsymptomer	N	
enni	N	
entens	N	
enteral	N	
enterotabletter	N	
environment	N	
enzymer	N	
enzymsystemer	N	
epidemiologi	N	
epidermis	N	
ér	N	
ergometersykkel	N	
eri	N	
éri	N	
eriatrisk	N	
erin	N	
ermelaus	N	
ermelause	N	
ernæ	N	
ernæringsapplikator	N	
ernæringsmessige	N	
ernæringssvikt	N	
erysipelas	N	
erytrocytter	N	
erytromycin	N	
etiker	N	
etikk-komité	N	
etikk-komiteer	N	
etiologi	N	
etiologisk	N	
étiske	N	
etorikoksib	N	
etter-brudd	N	
etterlevendes	N	
etterreaksjoner	N	
etterstreber	N	
ettervirkninger	N	
evaluation	N	
facialis-parese	N	
fagansvarlig	N	
fagetiske	N	
fagimed	N	
fagmed	N	
faktoreller	N	
falliske	N	
fåmilie	N	
familieorientert	N	
familieorienterte	N	
faresignaler	N	
farmakodynamikk	N	
farmakodynamiske	N	
farmakokinetikk	N	
farmakokinetiske	N	
fås	N	
fasteBlodmat	N	
fastspenthet	N	
fastsykepleieren	N	
fastvaktordning	N	
fatigue	N	
favorittboken	N	
fegel	N	
feildiagnostisere	N	
feildiagnostisert	N	
feilernært	N	
feilernærte	N	
feiltolkes	N	
feiltolket	N	
fekale	N	
feks	N	
felleskap	N	
felleskapet	N	
fellesmenneskelige	N	
femfaktormodell	N	
femoris	N	
femtiårsalderen	N	
femur	N	
femurende	N	
fenobarbital	N	
fenomener	N	
fenytoin	N	
ferdigproduserte	N	
ferdigsmurte	N	
fettoppløselige	N	
fettpolstringen	N	
fettvev	N	
fiberfattig	N	
fiberrik	N	
fiksering	N	
finding	N	
finger-nese	N	
fingradert	N	
fingraderte	N	
finnkode	N	
firemeters	N	
firmaer	N	
fissurer	N	
five	N	
flerdimensjonal	N	
flergenerasjonsmønster	N	
flimmerhår	N	
flimmerhårfunksjon	N	
fluktuasjoner	N	
flytteprosessen	N	
foajeer	N	
folat	N	
følesans	N	
fom	N	
for-geriatri	N	
før-moderne	N	
forandrinigen	N	
forbygge	N	
forbygger	N	
forbygges	N	
forebyggende-tannhelse	N	
forebygget	N	
forekømmer	N	
forerkortveilederen	N	
foretrukken	N	
forhåndsplanlagte	N	
førholder	N	
forholdvis	N	
forhøyede	N	
forkalkninger	N	
forkammeret	N	
forrykkes	N	
forskrevne	N	
forskrive	N	
forsonet	N	
forståelighet	N	
førstegangs	N	
førstegangsdepresjon	N	
førstegangsvurdering	N	
førstegenerasjons	N	
førstehåndspreparat	N	
forstoppede	N	
forstøverapparat	N	
forsvarlighetsskravet	N	
forsvunnede	N	
førtiårsalderen	N	
fortykket	N	
forutbestemmelse	N	
forvarmet	N	
forveiitninger	N	
forverrelser	N	
forvietse	N	
forvir	N	
fotokoaguleringslaser	N	
fotplager	N	
fotproblemer	N	
fotsår	N	
fotsårteam	N	
fotstell	N	
fotstilling	N	
fotterapeut	N	
fotundersøkelse	N	
fovikne	N	
føyd	N	
fractura	N	
frail	N	
frailty	N	
frakturer	N	
framhenting	N	
framskreden	N	
framskredne	N	
framtidsorienterte	N	
framtvinger	N	
frémdeles	N	
fremmedhet	N	
fremoverbøyde	N	
friluftsturene	N	
friskeldre	N	
frisklivssentraler	N	
friskvernsentraler	N	
fritidslivet	N	
frivilligkoordinator	N	
frivilligsentral	N	
frontallappen	N	
frontotemporal	N	
fryktsomt	N	
fuksjonsnivået	N	
fuktighetsgel	N	
fuktuasjoner	N	
funksjo	N	
funksjonsbegrens	N	
funksjonsdyspné	N	
funksjonsforbedrende	N	
funksjonsmessige	N	
funksjonsnedsetting	N	
funksjonsrelaterte	N	
funksjonsstap	N	
funksjonssvekkede	N	
funksjorisnivå	N	
furgor	N	
furiksjon	N	
furosemid	N	
fysio	N	
gå-briller	N	
gå-trening	N	
gabapentin	N	
gåi	N	
gåmle	N	
gamlei	N	
gamnle	N	
gangart	N	
gånger	N	
ganghastig	N	
ganglionær	N	
gangren	N	
ganiles	N	
gar	N	
gariile	N	
gåstativ	N	
gastrektomi	N	
gastrisk	N	
gastrointestinale	N	
gastrokoliske	N	
gastroskopi	N	
gastrostom	N	
gastrostomi	N	
gcs-og	N	
ge	N	
gel	N	
gelse	N	
geme	N	
generativitet	N	
genitaliene	N	
genitalier	N	
geriater	N	
geriatere	N	
geriateren	N	
geriatric	N	
gerodontologi-og	N	
gerotranscendens	N	
gerotranscendensteorien	N	
giants	N	
gipresis	N	
gjen	N	
gjendikter	N	
gjenerobre	N	
gjenkjennelighet	N	
gjenlæring	N	
gjennombevegelse	N	
gjennomlevd	N	
gjennomprøvd	N	
gjenopptrening	N	
gjenopptreningen	N	
gjenopptreningsbehov	N	
gjenopptreningsopplegg	N	
gjenopptreningsprosess	N	
gjesteprofessor	N	
gjørt	N	
glaukom	N	
glomerulusfiltrasjon	N	
glukokortikoid	N	
glukokortikoider	N	
glukoneogenesen	N	
glycerol	N	
glykopyrrøn	N	
glyseroltrinitrat	N	
glyseroltrinitratpreparater	N	
godstolen	N	
gråblek	N	
gravferdsloven	N	
gravis	N	
gripestyrke	N	
grøtaktig	N	
group	N	
grovmasket	N	
grubleriene	N	
grublerier	N	
gruppebaserte	N	
gruppeeller	N	
gut	N	
gutar	N	
gynekologisk	N	
habituelle	N	
habitus	N	
halal	N	
halde	N	
hallisunasjoner	N	
haloperidol	N	
halsvenestuvning	N	
halvdokumentarisk	N	
halvsidig	N	
handlingssvikt	N	
håndterbare	N	
håndterbarhet	N	
håndterbart	N	
håndterlig	N	
hangover	N	
heldøgns	N	
helprotese	N	
helsebevarende	N	
helsefaglige	N	
helsehus	N	
helsemål	N	
helseog	N	
helseøkonomisk	N	
helseparametre	N	
helseproblenier	N	
helsetekene	N	
helsetjenenester	N	
helsetjenesen	N	
helstjenestene	N	
hematemese	N	
hemianopsi	N	
hemiparese	N	
hemiprotese	N	
hemmere	N	
hemodynamisk	N	
hemoroider	N	
her-og	N	
heterogenitet	N	
hindte	N	
hjelp-døgnenhet	N	
hjelp-innleggelser	N	
hjelp-plikten	N	
hjelp-situasjon	N	
hjelpavhengige	N	
hjelpebehov	N	
hjelpebehovene	N	
hjelpebehovet	N	
hjelpemuskler	N	
hjelpepersonell	N	
hjelpeplikten	N	
hjelperelasjoner	N	
hjelperessursene	N	
hjemlighet	N	
hjemmebasert	N	
hjemmebaserte	N	
hjemmebesøk	N	
hjemmebesøkene	N	
hjemmedød	N	
hjemmeforhold	N	
hjemmeøvelser	N	
hjemmerehabilitering	N	
hjemmesituasjonen	N	
hjemmeulykkene	N	
hjernegjennomblødning	N	
hjerneslag-rammede	N	
hjernesvikt	N	
hjernevev	N	
hjernevevet	N	
hjernslag	N	
hjerte-kar	N	
hjerte-karfunksjon	N	
hjerte-lunge	N	
hjerte-lungeredning	N	
hjerteenzymer	N	
hjerteglykosider	N	
hjerteinfakt	N	
hjerteklaffsykdomi	N	
hjerterelaterte	N	
hjertestartere	N	
hoc-preget	N	
hofteartrose	N	
hoftebruddi	N	
hoftekam	N	
holdningsskapende	N	
homeostase	N	
homøostase	N	
homøostatiske	N	
hørselssvikt	N	
hørselstap	N	
hørselsvikt	N	
hosendel	N	
hospicefilosofien	N	
hostedemping	N	
hovedscreeningen	N	
høyresidig	N	
høyteknologisk	N	
hpi	N	
hpl	N	
htmi	N	
hudsår	N	
hudsensibilitet	N	
hukommelsessvikt	N	
humorios	N	
hunksjonssvit	N	
husker-du	N	
huslige	N	
hverdaglige	N	
hviledyspné	N	
hviledyspnoe	N	
hvitlig	N	
hydrering	N	
hydreringsgrad	N	
hydreringstilstand	N	
hydrogenperoksid	N	
hyggekvelder	N	
hyoksemi	N	
hyper	N	
hyperaktivitet	N	
hyperglykemi	N	
hyperglykemisk	N	
hyperkalemi	N	
hyperkalsemi	N	
hyperkapnisk	N	
hyperkolesterolemi	N	
hyperlipidemi	N	
hypermetabolisme	N	
hyperosmolært	N	
hyperplastiske	N	
hypersensitivitet	N	
hypertensjon	N	
hypertermi	N	
hyperventilering	N	
hypnotika	N	
hypo	N	
hypoaktiv	N	
hypoaktive	N	
hypoaktivitet	N	
hypoaktivt	N	
hypofyse-binyre	N	
hypoglykemi	N	
hypoglykemien	N	
hypoglykemier	N	
hypogonadisme	N	
hypokalemi	N	
hypoksemi	N	
hypoksi	N	
hypomani	N	
hyponatremi	N	
hyposalivasjon	N	
hypotensjon	N	
hypotermi	N	
hypothalamus	N	
hypotoni	N	
hypotyreose	N	
iakuttgeriatriske	N	
ialle	N	
iatrogen	N	
iatrogene	N	
ibuprofen	N	
iden	N	
identifiserbare	N	
idiopatisk	N	
ien	N	
iet	N	
ifloeres	N	
ift	N	
ig	N	
ijournal	N	
ijournalen	N	
ikke-diagnosespesifikt	N	
ikke-dømmende	N	
ikke-farmakologiske	N	
ikke-institusjonaliserte	N	
ikke-kristne	N	
ikke-medikamentell	N	
ikke-medikamentelle	N	
ikke-motoriske	N	
ikke-reversible	N	
ikke-spesialiserte	N	
ikke-steroide	N	
ikke-testbar	N	
ikke-truende	N	
ikke-verbal	N	
ikke-verbale	N	
ikke-verbalt	N	
ikke-vestlig	N	
ikke-vestlige	N	
ikkeverbalt	N	
ikterus	N	
ileus	N	
ili	N	
illebefinnender	N	
illustere	N	
immobilisering	N	
immobilitet	N	
immunapparatet	N	
immunfunksjon	N	
immunologisk	N	
immunrespons	N	
immunsystem	N	
immunsystemet	N	
imøtekommes	N	
implantation	N	
impotens	N	
in	N	
inadekvat	N	
independence	N	
index	N	
indicators	N	
indigo	N	
indisert	N	
individer	N	
individorientert	N	
individtilpasset	N	
individualitet	N	
indvidtilpasset	N	
ine	N	
infarction	N	
infarktet	N	
inflammageing	N	
inflammatoriske	N	
informasjonsbærende	N	
inhalasjon	N	
inhalasjoner	N	
inhalasjonsform	N	
inhalasjonslegemidler	N	
inhalasjonsmedisin	N	
inhalasjonspreparater	N	
initiativløshet	N	
injeksjonspreparater	N	
inklusjon	N	
inklusjonskriterier	N	
inkontinent	N	
inkontinente	N	
inkontines	N	
innadvendthet	N	
innebefatter	N	
innei	N	
inngåri	N	
inngripen	N	
innkilt	N	
innlagte	N	
innskriving	N	
innsovning	N	
innsovningsmiddel	N	
innsovningsmidler	N	
innsovningsproblemer	N	
innsovningstiden	N	
innsovningsvansker	N	
innstikkssteder	N	
inntoning	N	
inntrådt	N	
inntraff	N	
inntrufne	N	
innvevd	N	
insentiver	N	
insidens	N	
insident	N	
insomi	N	
insomni	N	
institusjonssentrert	N	
insulinresistens	N	
integritas	N	
integritetsbevarende	N	
integritetstruende	N	
integritetstrusler	N	
intensivbehandling	N	
intensivenhet	N	
intensivenheter	N	
intensivpasienter	N	
intensivsykepleie	N	
intensivsykepleier	N	
interagerer	N	
interdentalbørste	N	
interdentalbørster	N	
interkostalmusklene	N	
interkulturelt	N	
intermediæravdeling	N	
intermediære	N	
intermitterende	N	
interna	N	
internal	N	
internaliserer	N	
interpersonlig	N	
interpersonlige	N	
intervaller	N	
intervention	N	
intestinal	N	
intimstell	N	
intoksikasjon	N	
intracerebral	N	
intrakranial	N	
intramuskulær	N	
intramuskulære	N	
intraokulært	N	
intubering	N	
invasiv	N	
invasive	N	
inventory	N	
inviduelt	N	
ipratropium	N	
irreversibel	N	
irreversibelt	N	
irritabilitet	N	
isbit	N	
isbiter	N	
iselve	N	
iskemi	N	
iskemisk	N	
iskemismerter	N	
isotont	N	
istand	N	
item	N	
itemrekkefølgen	N	
ithet	N	
itrakonazol	N	
jaD	N	
jeg-differensiering	N	
jeg-sentrering	N	
ji	N	
johannesurt	N	
jordfestelse	N	
julelys	N	
kakeksi	N	
kalenderuke	N	
kaliumantagonister	N	
kalk-avleiringer	N	
kalsiumkanalblokkere	N	
kån	N	
kani	N	
kansarteriene	N	
kapillær	N	
kapillærer	N	
kapillærtettheten	N	
kaputnekrose	N	
karakteristika	N	
karbamazepin	N	
karbohydrater	N	
kardiorespiratorisk	N	
kardiovaskular	N	
kardiovaskulær	N	
kardiovaskulære	N	
karibiske	N	
karotisstenose	N	
kartFunksjonsbeskrivelse	N	
kartleggger	N	
kartleggingsinstr	N	
katabolske	N	
katarakt	N	
kateterbasert	N	
kateterbaserte	N	
kateteret	N	
kateterimplantasjon	N	
kateterisering	N	
kateteriserte	N	
kaviteter	N	
kene	N	
kere	N	
ketoacidose	N	
ketokonazol	N	
kirkerommet	N	
kj	N	
kjemoterapi	N	
kjevekammen	N	
kjeveleddsnekrose	N	
kjoletøy	N	
kjønnssegregering	N	
kjøretest	N	
kjøttmat	N	
klaffefeil	N	
klaffekirurgi	N	
klamhet	N	
klammerne	N	
klometiazol	N	
klonazepam	N	
klopidogrel	N	
klorheksidin	N	
klorheksidin-munnskyllevæske	N	
klorin	N	
kn	N	
kne-hælprøve	N	
knebøy	N	
knollete	N	
kodein	N	
kohortavhengige	N	
kohortforskjeller	N	
kolektomi	N	
kollagen	N	
kollaterale	N	
kollateraler	N	
kollegafelleskapet	N	
kolonialforretning	N	
kolonoskopi	N	
kombinasjonspreparater	N	
kombinsjon	N	
komorbide	N	
komorbiditet	N	
komorbiditetsindeks	N	
komorbiditetsmål	N	
komparentintervju	N	
komparentopplysninger	N	
kompensatoriske	N	
komplika	N	
kompress	N	
komptansen	N	
konskevensene	N	
kontaktlaksantia	N	
kontekstuelle	N	
kontinente	N	
kontinuitetsbevarende	N	
kontraindikasjoner	N	
kontrakturer	N	
kontrastfølsombhet	N	
kontrastsyn	N	
koronar	N	
koronararterier	N	
koronarsykdom	N	
koronarsyndrom	N	
korticobasal	N	
kortikosteroider	N	
kortisol	N	
kortne	N	
kortpustet	N	
korttidsavdeling	N	
korttidsavdelinger	N	
korttidshukommelse	N	
korttidshukommelsen	N	
korttidsinstitusjoner	N	
korttidsopphold	N	
kostansvarlig	N	
kostholdsrådene	N	
kostønsker	N	
kraftsvikt	N	
kranspålegging	N	
kreatinin	N	
krem-kaker	N	
kropps-masse	N	
kroppsopptatt	N	
kroppssystemer	N	
kroppstranscendens	N	
krumrygget	N	
krystall-lysekroner	N	
kulturrelaterte	N	
kumbatt	N	
kvartil	N	
kvartiler	N	
kveldstur	N	
kvelning	N	
kvelningsfornemmelse	N	
kvelningsfornemmelser	N	
labilitet	N	
laboratorieanalyser	N	
laboratorieprøven	N	
laboratorieundersøkelser	N	
laksantia	N	
laktulose	N	
laktulosemikstur	N	
lakunære	N	
lampetter	N	
landlige	N	
langkommen	N	
langtidsavdeling	N	
langtidsavdelingene	N	
langtidsavdelinger	N	
langtidsbehandling	N	
langtidsblodglukose	N	
langtidsbruk	N	
langtidsinstitusjoner	N	
langtidsplass	N	
langtidsplasser	N	
langtidsprognosen	N	
langtidsrelasjoner	N	
langtidssykehjemsplassene	N	
langtkommen	N	
langtkommet	N	
laserbehandling	N	
lassl	N	
latens	N	
laterale	N	
lating	N	
latorisk	N	
latrogene	N	
lav-energi	N	
lav-kalori	N	
laverestående	N	
lavfysisk	N	
lavgradige	N	
lavintensiv	N	
ledetråd	N	
ledetråder	N	
legemi	N	
legemiddelrelatert	N	
legemiddelrelaterte	N	
legemiddelsamtidig	N	
legemidlerved	N	
legfolk	N	
leggsår	N	
legs	N	
lengdeog	N	
lese-TV	N	
lese-tv	N	
lesesynet	N	
lettskremthet	N	
lettstelt	N	
lettsvelget	N	
leukocytter	N	
lever-og	N	
leversvikt	N	
leveutsiktene	N	
leveutsikter	N	
levodopa	N	
lewy-legemer	N	
lewykroppene	N	
lewylegemedemens	N	
lewylegemer	N	
life	N	
lig	N	
liggestilling	N	
liggestillingen	N	
likartede	N	
likeledes	N	
likemannsmodellen	N	
lillehjernen	N	
limb	N	
lipider	N	
lipidforstyrrelser	N	
lipofuscin	N	
livsdager	N	
livshistoriefokusert	N	
livsmål	N	
livsrommet	N	
livsstilsråd	N	
livsstilsrelaterte	N	
livssynsmessige	N	
livsutfol	N	
livsviktige	N	
ll	N	
lngen	N	
løftereiskapane	N	
logen	N	
lokalisasjon	N	
lokalisasjoner	N	
lokalmedisinske	N	
lokalmedisirisk	N	
lokalsykehus	N	
longitudinelle	N	
lovpliktig	N	
lovregulere	N	
lowa	N	
løyst	N	
lukkefunksjonen	N	
lumen	N	
lunge-hjertesirkulasjonen	N	
lungealveoler	N	
lungestuvning	N	
lungesvikt	N	
lungevevet	N	
lutea	N	
lux	N	
lvaretakelse	N	
lydbokavspiller	N	
lydhørhet	N	
lydsignaler	N	
lyktes	N	
lys-mørke	N	
lysreseptorer	N	
lyssignaler	N	
lysstoffrør	N	
lystenningsdelen	N	
mL	N	
macula	N	
mage-tarm	N	
mage-tarmkanalen	N	
mage-tarmkrefi	N	
magetarm-kanalen	N	
majonesbaserte	N	
makrogol	N	
makronivået	N	
makrovaskulære	N	
makula-degenerasjon	N	
makuladegenerasjon	N	
malabsorbsjon	N	
målebånd	N	
måleskala	N	
måleskalaer	N	
maligne	N	
malignitet	N	
malignt	N	
management	N	
markedet	N	
mastergradsløpet	N	
materialegenskaper	N	
matlagning	N	
matombringing	N	
mattillaging	N	
me	N	
measure	N	
medbeboere	N	
medboere	N	
medboerne	N	
medbringe	N	
meddelsomhet	N	
medikalisere	N	
medikamentelle	N	
medikamentelt	N	
medisinrommet	N	
medisinskfaglige	N	
medpasient	N	
medpasienter	N	
medrelasjonen	N	
meilomleddet	N	
meldeeller	N	
meldetjeneste	N	
melena	N	
melkemat	N	
mellitus	N	
mellomøret	N	
mellomtilstand	N	
mellomvirvelskiver	N	
menighetsfelleskapet	N	
mening:i	N	
meningitt	N	
meningsbærende	N	
meningsfokusert	N	
meningsskapende	N	
menneskevennlige	N	
mentalsviktsymptomene	N	
mer:antyder	N	
met	N	
metabolske	N	
metastaser	N	
metning	N	
metningen	N	
metodologiske	N	
metotreksat	N	
mfål	N	
mfi	N	
middelhavsdiett	N	
middelhavskost	N	
miest	N	
mig	N	
mijldt	N	
mikro	N	
mikroalbuminemi	N	
mikrofondelen	N	
mikrogol	N	
mikrovaskulære	N	
miksjon	N	
miksjonsliste	N	
miksjonssenter	N	
miksjonsvaner	N	
mimikkfattig	N	
mimutt	N	
mindfulness	N	
mindreverd	N	
miniklyster	N	
minoritetsetnisk	N	
mistolking	N	
mitokondriene	N	
mmHg	N	
mmig	N	
mmol	N	
mn	N	
mode	N	
model	N	
molekyler	N	
monitorere	N	
monitorering	N	
monitoreringssenger	N	
morbiditet	N	
moské	N	
møt	N	
motstandsdyktige	N	
movement	N	
mukus	N	
multidimensjonell	N	
multidose	N	
multidoseordningen	N	
multidosepakninger	N	
multifaktorielle	N	
multiinfarktdemens	N	
multimorbiditet	N	
multiorgansvikt	N	
multiple	N	
multisyk	N	
multisykdom	N	
multisyke	N	
multisykelighet	N	
munnog	N	
munnspray	N	
munntørr	N	
munntørre	N	
musculus	N	
musikkstykker	N	
muskel-og	N	
muskel-skjelett	N	
muskel-vene	N	
muskelrelaksantia	N	
muskulær	N	
mutante	N	
my	N	
myastenia	N	
myocardial	N	
nå-situasjonen	N	
naproksen	N	
nærarbeid	N	
nærbriller	N	
nærhetsrom	N	
nærhukommelse	N	
næringsog	N	
nærsynet	N	
nasogastrisk	N	
nasolabialfure	N	
nåte	N	
national-early	N	
natriumpikosulfat	N	
natte	N	
naturpreparater	N	
nedentil	N	
nedfellbar	N	
nedsenket	N	
nedskaleres	N	
nedskrevne	N	
nedtegnelse	N	
nedtrykthet	N	
needle-time	N	
nega	N	
neglebørste	N	
negleklipp	N	
neglekt	N	
neiQ	N	
neksase	N	
nell	N	
ner	N	
nergikum	N	
nerve-systemet	N	
nerverøtter	N	
nervesignaler	N	
neutropeni	N	
nevro	N	
nevrobiologiske	N	
nevrodegenerativ	N	
nevrodegenerative	N	
nevrogene	N	
nevroglykopene	N	
nevrohormonell	N	
nevrokognitiv	N	
nevrokognitive	N	
nevroleptika	N	
nevroleptikasyndrom	N	
nevroleptikum	N	
nevrologiske	N	
nevromedisin	N	
nevromuskulære	N	
nevronene	N	
nevroner	N	
nevropati	N	
nevropatisk	N	
nevroproteksjon	N	
nevropsykiatriske	N	
nevroradiologiske	N	
nevrotisisme	N	
nevrotransmittere	N	
nevrotransmitteren	N	
news	N	
news-2	N	
niå	N	
nied	N	
nigra	N	
ninger	N	
nisere	N	
nitrazepam	N	
nm	N	
nn	N	
nociseptorer	N	
nokturi	N	
non-verbale	N	
noninvasiv	N	
nonketotisk	N	
nonverbale	N	
nonverbalt	N	
noradrenalin	N	
normalization	N	
normaltrykkshydrocephalus	N	
normalvektige	N	
norsk-forening	N	
norskefødtemedinn	N	
norskfødte	N	
notatbok	N	
nskelighet	N	
nucleus	N	
nummenhet	N	
nummerisk	N	
nursing	N	
nyopererte	N	
nyoppdaget	N	
nyoppstått	N	
nyoppståtte	N	
observasjonsbasert	N	
observasjonsbaserte	N	
observerbare	N	
ød	N	
ødematøst	N	
of	N	
oftalmoskopi	N	
ög	N	
og-undervisningsmateriell	N	
ogarbeidsbelastningen	N	
ogat	N	
ogbivirkninger	N	
økenide	N	
okkluderte	N	
oksazepam	N	
oksygenering	N	
oksygeneringen	N	
oksygenmetning	N	
oksygenmetningen	N	
oksygenrikt	N	
oksytocin	N	
olanzapin	N	
olanzapine	N	
olde	N	
omformuleres	N	
omfortolkningsferdigheter	N	
omfortolkningsstrategiene	N	
omgjengelig-gjenstridig	N	
omgjengelighet	N	
områdei	N	
omsorgsfaglig	N	
omsorgsyter	N	
omsorgsytere	N	
omsorgsyteren	N	
omsorgsyterens	N	
omtåkethet	N	
on	N	
one	N	
ønskene	N	
onulafib	N	
opioid	N	
opioidanalgetika	N	
opioidanalgetikum	N	
opioidbehandling	N	
opioide	N	
opioider	N	
opioidet	N	
opioidplaster	N	
opioidplasterets	N	
oplevelse	N	
oppblåsbare	N	
oppblåst	N	
oppbløtende	N	
oppbløting	N	
oppdrevne	N	
oppgåver	N	
oppgavesentrert	N	
oppgitthet	N	
opplevet	N	
opprettholdelsen	N	
öpprinnelseslandet	N	
oppsplittinger	N	
oppstykket	N	
oppsugingsevne	N	
opptatt-skilt	N	
opticus	N	
orale	N	
ordan	N	
ordpar	N	
øret-apparater	N	
organspesifikke	N	
organsvikt	N	
ortogeriatri	N	
ortogeriatriske	N	
ortopné	N	
ortose	N	
ortoser	N	
ortostatisk	N	
ortostatisme	N	
oskygentransport	N	
osteopeni	N	
osteoporotiske	N	
østriol	N	
otoskop	N	
overaktivitet	N	
overbehandlet	N	
overbehandling	N	
overbelegg	N	
overbeskyttelse	N	
overdødelighet	N	
overdosert	N	
overekstremiteter	N	
overensstemmer	N	
overflytning	N	
overflytninger	N	
overfølsomhet	N	
overføringssignaler	N	
overgrepsmessige	N	
overhydrering	N	
overhyppighet	N	
overmedisinering	N	
overmøblering	N	
overmøblert	N	
oversiktlighet	N	
overstått	N	
overstrukket	N	
overvakningsskjema	N	
øyebetennelse	N	
øyeblikkelig-hjelp	N	
øyebunnen	N	
øyebunnsfotografering	N	
øyefargen	N	
øyehelse	N	
øyelidelsen	N	
øyemotorikken	N	
øyeundersøkelser	N	
pO	N	
pacemaker	N	
pain	N	
palpasjon	N	
pankreas	N	
pannerynking	N	
paracetamol	N	
påracetamol	N	
paradox	N	
parametre	N	
parametrene	N	
parenteral	N	
parenteralt	N	
paretisk	N	
parietal	N	
parkinsonistiske	N	
parkinsonlegemidler	N	
parkinsonliknende	N	
parkinsonmedikasjon	N	
parkinsonmidler	N	
parkinsonpluss	N	
parkinsonspesifikke	N	
parkinsonsykepleier	N	
parkinsonsymptomene	N	
parkinsonsymptomer	N	
pårørendegrupper	N	
pårørendeinvolvering	N	
pårørendemøter	N	
pårørenderolle	N	
pårørendeskoler	N	
pårørendeveileder	N	
pårørendeveilederen	N	
pasentens	N	
pasi	N	
pasien	N	
pasient-ansvarlige	N	
pasient-pleier	N	
pasient-pleierforholdet	N	
pasient-sykepleierforhold	N	
pasientansvarlige	N	
pasiente	N	
pasientinvolvering	N	
pasientrelaterte	N	
pasientrommet	N	
pasientsentrert	N	
pasientsyn	N	
pastoralklinisk	N	
paternalisme-mønsteret	N	
patogene	N	
patologisk-anatomiske	N	
påvirkbare	N	
pbrl	N	
pedikyr	N	
perfusjon	N	
perineum	N	
periodic	N	
periodontitt	N	
peristaltikk	N	
peristaltikken	N	
peristaltiske	N	
peritonealhulen	N	
periuretral	N	
perkutan	N	
perorale	N	
peroralt	N	
perso	N	
personalgruppen	N	
personalsammensetning	N	
personeri	N	
persones	N	
personnære	N	
personorientert	N	
personsensitive	N	
persontilpasset	N	
pertrokantære	N	
pet	N	
pg	N	
phvl	N	
pigmentlag	N	
pjusket	N	
plagpå	N	
plagsomhet	N	
plakk	N	
planning	N	
plasma-glukosekonsentrasjon	N	
plastskinner	N	
platehemmer	N	
platehemmere	N	
pleiemessig	N	
pleiemessige	N	
pleurahulen	N	
pleuravæske	N	
plikasjoner	N	
plos-registeret	N	
pneumokokksykdom	N	
pneumokokkvaksine	N	
pneumoni	N	
poengsiffere	N	
point	N	
polikliniske	N	
polydipsi	N	
polyfarmasi	N	
polynevropati	N	
post-operativt	N	
postakutt	N	
postherpetisk	N	
postmenopausale	N	
postprandialt	N	
posttraumatiske	N	
posttrombotisk	N	
prak	N	
prave	N	
prednisolon	N	
pregabalin	N	
prehospitale	N	
preinenopausale	N	
premenopausale	N	
premiss-leverandøren	N	
premorbide	N	
preparater	N	
prevalent	N	
preventiv	N	
primæransvar	N	
primærdegenerative	N	
primærhelsevesen	N	
primærkategorien	N	
primærkilder	N	
primærkontaktene	N	
primærkontakter	N	
primærsykepleie	N	
privatsfæren	N	
proaktiv	N	
problemfokusert	N	
prognostisk	N	
progredierer	N	
proseduralhukommelsen	N	
prosedyre-mønster	N	
prososial	N	
prostatahyperplasi	N	
prostataspesifikt	N	
proteiner	N	
proteinrik	N	
protesebørsteog	N	
proteselim	N	
prøvemedisinere	N	
proxy	N	
psykoanalytiske	N	
psykoeduktive	N	
psykofarmaka	N	
psykogeriatri	N	
psykometriske	N	
psykoterapeutiske	N	
psykoterapi	N	
psykotiske	N	
ptomet	N	
puborektale	N	
pudder	N	
puis	N	
pulsoksymeter	N	
purdah-reglene	N	
purdah-tradisjonen	N	
purdahregler	N	
pustearbeidet	N	
pustebesværet	N	
pustemønster	N	
pusteproblemer	N	
pustestopp	N	
pusteteknikk	N	
pusteteknikker	N	
pustevanskeligheter	N	
qangs	N	
queer	N	
quetiapin	N	
quetiapine	N	
quo	N	
qvære	N	
ra	N	
radialis	N	
radikalene	N	
ramadan	N	
rammiene	N	
rastløshet	N	
rating	N	
reaktiv	N	
reaktive	N	
reernæringssyndrom	N	
reetablere	N	
reflektoriske	N	
refluks	N	
reflukssykdom	N	
refraksjon	N	
regelbundne	N	
régelmessig	N	
regulerbar	N	
rehabiliteringspotensial	N	
reisevei	N	
reit	N	
rektal	N	
rektalløsning	N	
religionspsykologisk	N	
remål	N	
renal	N	
rengjorte	N	
renin-angiotensin	N	
reparative	N	
reperfusjonsbehandling	N	
research	N	
reseptbelagte	N	
reseptformidlere	N	
reseptfrie	N	
reseptorer	N	
residualurin	N	
resiliens	N	
resoribletten	N	
resorpsjon	N	
respektløs	N	
respektløse	N	
respi	N	
réspirasjonsfrekvens	N	
respirasjonssvikt	N	
respiratorisk	N	
respuasjonsirekvens	N	
ressursmessig	N	
ressursorientert	N	
restless	N	
resultatintervaller	N	
retensjon	N	
retensjonsplager	N	
retina	N	
retinopati	N	
retningsfølsomme	N	
retningsstabil	N	
retningsstabile	N	
rettsmessige	N	
reumatoid	N	
review	N	
revmatoid	N	
rigide	N	
rigiditet	N	
risi	N	
risikoutsatte	N	
risperidon	N	
rivastigmin	N	
rk	N	
robotdyr	N	
rødhet	N	
røkelaks	N	
rolletap	N	
røntgeninstitutter	N	
rotatorisk	N	
røykeforkle	N	
røykeslutt-program	N	
røykestopp	N	
røykfri	N	
røyst	N	
rutinepregede	N	
sæ	N	
såamfunn	N	
sacrali	N	
såg	N	
salutogen	N	
salutogene	N	
salvelag	N	
sam	N	
samforståelse	N	
samfunnsøkonomisk	N	
samitykkekompetent	N	
sammenfaller	N	
sammensunket	N	
sammenvevd	N	
samorganiserte	N	
samsykdom	N	
samtykkekompetent	N	
samtykkekompetente	N	
såmtykkeproblemer	N	
samvarierer	N	
samvittighetsfull-upålitelig	N	
san	N	
sången	N	
sansecellene	N	
sanseceller	N	
sansefunksjon	N	
sansefunksjoner	N	
sansemodalitet	N	
sansemodaliteter	N	
sanseskarphet	N	
sansestimulering	N	
sansesvekkelse	N	
sansesvikt	N	
sansesystemene	N	
sansetap	N	
sansetapet	N	
sarkopeni	N	
særpreger	N	
sårtilheling	N	
saturasjon	N	
scale	N	
sclera	N	
scotom	N	
screening-instrumenter	N	
sedasjon	N	
sedativum	N	
ség	N	
seg-test	N	
sehjelp	N	
sekretets	N	
sekretstagnasjon	N	
sekshundretallet	N	
seksjon-samfunnsodontologi	N	
sekundærforebygging	N	
sekundærkategorier	N	
sekundærprevensjon	N	
sekundærprofylakse	N	
sekundærprofylaktiske	N	
self	N	
selv-transendens	N	
selvbekreftelse	N	
selvet	N	
selvframstilling	N	
selvhevding	N	
selvhjulpen	N	
selvhjulpne	N	
selvkonstruksjoner	N	
selvkritiske	N	
selvoppfatning	N	
selvoppfatningen	N	
selvoppfatninger	N	
selvopptatthet	N	
selvrapportere	N	
selvrapportering	N	
selvrefleksjon	N	
selvregulering	N	
selvsagte	N	
selvstyring	N	
selvteori	N	
selvundersøkelse	N	
selvutforming	N	
selvutsletting	N	
selvutvikling	N	
selvverd	N	
selvvurdert	N	
selyutforminger	N	
semistrukturert	N	
senfølge	N	
senfølger	N	
senge	N	
sengeavdelinger	N	
sengebeina	N	
sengehester	N	
sengehjelper	N	
sengepartner	N	
sengevæting	N	
senkomplikasjoner	N	
senmoderne	N	
sennaglykosid	N	
sense	N	
sensibilitet	N	
sensibilitetsnedsettelse	N	
sensibilitetstap	N	
sensomotoriske	N	
sensoriske	N	
sentralnervøs	N	
seponeres	N	
seponering	N	
seponert	N	
sepsis	N	
sepsisbehandling	N	
sesi	N	
set	N	
settelse	N	
seversom	N	
shia	N	
sierat	N	
sigarettglør	N	
simvastatin	N	
sirku	N	
sirkulatorisk	N	
sis	N	
sitteknutene	N	
situasjonelle	N	
situasjonsavhengig	N	
situasjonsbetinget	N	
situasjonssentrert	N	
sjon	N	
sjoner	N	
sjons-skala	N	
sjonssvikt	N	
sjonstap	N	
skal-være	N	
skalaer-og	N	
skambelagte	N	
skan	N	
skapdører	N	
skåren	N	
skjevutvikling	N	
skop	N	
skopolamin	N	
skråpute	N	
skrevne	N	
skriftliggjøring	N	
skriveevne	N	
skrøpelighetssyndromet	N	
skrøplinganes	N	
skrøplingar	N	
skrumpning	N	
skummestoff	N	
skylå	N	
skyllevæske	N	
skyllevæsken	N	
slag-enhetene	N	
slag-enheter	N	
slag-rammede	N	
slagrammede	N	
slagrammedes	N	
slåing	N	
sleep	N	
sløres	N	
slow	N	
småkarsdemens	N	
småkarssykdom	N	
smaksløker	N	
småreparasjoner	N	
småskala-samfunn	N	
småsoving	N	
smerteintetsitet	N	
smertelinding	N	
smertelindret	N	
smertelokalisasjonene	N	
smertereseptorer	N	
smertervurdering	N	
smertesystemer	N	
søkelser	N	
solifenacin	N	
somatosensoriske	N	
somi	N	
sommarkjole	N	
sommidler	N	
somnolens	N	
somnolent	N	
soni	N	
sorgår	N	
sorgåret	N	
sørgebånd	N	
sorguke	N	
sorguken	N	
sortkledde	N	
sosialgerontologien	N	
sosialpedagogikk	N	
sosialpsykologiske	N	
soveromsdøra	N	
søvnapné	N	
søvnapné-syndrom	N	
søvntiden	N	
søvynvansker	N	
søynmønsteret	N	
spælle	N	
spasmer	N	
spekteret	N	
spesialist-helsetjenesten	N	
spesiallaget	N	
spesiallamper	N	
spesialopplæring	N	
spesialsykepleie	N	
spesialtelefon	N	
spesialtilpassede	N	
spesialutdannede	N	
spiktynne	N	
spiseatferd	N	
spisefellesskap	N	
spisehjelp	N	
spisemønster	N	
spiseproblemer	N	
spiseredskapene	N	
spiseredskaper	N	
spiserytme	N	
spisesituasjon	N	
spisesituasjonen	N	
spisesituasjoner	N	
spontanrapporteres	N	
sprukne	N	
ståfunksjon	N	
standariserte	N	
state	N	
statiner	N	
stell-situasjoner	N	
stellav	N	
stellavtenner	N	
stellesituasjonen	N	
stellesituasjoner	N	
stijlt	N	
stillesitting	N	
stolforhøyer	N	
stomatitt	N	
stomi	N	
storrøyker	N	
støtputene	N	
strekket	N	
stress-respons	N	
stress-situasjoner	N	
stress-syndrom	N	
stress-urininkontinens	N	
stridor	N	
stupor	N	
stuvning	N	
sub-akutt	N	
subakutt	N	
subakutte	N	
subaraknoidalblødning	N	
subduralt	N	
subjective	N	
subkutan	N	
subkutant	N	
substantia	N	
subsumpsjonslogikk	N	
subthalamicus	N	
subtrokantære	N	
suicidaltanker	N	
sukkerholdig	N	
sulfonamider	N	
sulfonyl-ureapreparater	N	
sulfonylurea	N	
sundown	N	
sunni	N	
suppositorier	N	
supranukleær	N	
suprapubisk	N	
svar-mønster	N	
svelgefunksjon	N	
svelgefunksjonen	N	
svelgeproblemer	N	
svelgevansker	N	
svikttilstander	N	
svinefett	N	
svingdørspasienter	N	
svingetall	N	
svingetallet	N	
svømmeferdigheter	N	
syforening	N	
sykd	N	
sykdomniens	N	
sykdomsmessig	N	
sykdomsrelatert	N	
sykdomsrelaterte	N	
sykehistorie	N	
sykehistorien	N	
sykehjems-fellesskapet	N	
sykehus-setting	N	
sykehusinnlagte	N	
sykehuspåførte	N	
sykelighet	N	
sykepleie-drevet	N	
sykepleiebidrar	N	
sykepleievitenskapelige	N	
sykerom	N	
sykerommet	N	
sym	N	
symp	N	
symptomatologi	N	
symptomatologien	N	
symptomfri	N	
symptomklustre	N	
symptomlinding	N	
symptomlindres	N	
symptompåvirket	N	
symptomspekteret	N	
symptoni	N	
syndromene	N	
synsassosiative	N	
synshemmede	N	
synshemmedes	N	
synstap	N	
syntes	N	
syre-base	N	
systemiske	N	
systernatisk	N	
systolen	N	
systoliske	N	
tablettknuser	N	
tabuer	N	
tachykardi	N	
taichi-gruppeøvelsesprogram	N	
takykardi	N	
takykerdi	N	
taledyspné	N	
tamponering	N	
tanntap	N	
tarmperistaltikk	N	
telomerase	N	
telomeren	N	
telomerlengden	N	
temperaturfølsomt	N	
tene	N	
teofyllin	N	
tertiærforebygging	N	
tester-og	N	
tester-ogregistreringsskjemaer	N	
testosteronmangel	N	
tetraparese	N	
the	N	
theory	N	
thyreoidea	N	
thyreoideaforstyrrelser	N	
tidi	N	
tidigere	N	
tidsklemme	N	
tilå	N	
tilbakeholdelse	N	
tilbakelagte	N	
tilbakestrømningen	N	
tilbudsorientert	N	
tilhelingsevne	N	
tilhelingstiden	N	
tilintegritetsbegrepet	N	
tillaget	N	
tilpasCT	N	
tilpasningsdyktige	N	
tilrettelæring	N	
tilsiktet	N	
timediurese	N	
tional	N	
tiotropium	N	
tiro	N	
titusener	N	
tive	N	
tivt	N	
tl	N	
to-tre	N	
toalettdøra	N	
toårsperiode	N	
toksiske	N	
tolkebehovene	N	
tolterodin	N	
tomer	N	
tonustap	N	
tørrhet	N	
tørrkoking	N	
tørrkvistharde	N	
tørstefølelse	N	
tørstefornemmelsen	N	
totrinns	N	
toveis	N	
tøyning	N	
trabekulært	N	
tradisjonsbestemt	N	
traditio	N	
transcutan	N	
transitorisk	N	
transkutan	N	
tredeling	N	
trefaktormodell	N	
trekkpsykologiske	N	
tremens	N	
tremor	N	
tremoren	N	
trenede	N	
treningsinstitutter	N	
trettbarhet	N	
trippel	N	
trisykliske	N	
trivdes	N	
trombektomi	N	
trombektomibehandling	N	
tromben	N	
tromber	N	
trombocytter	N	
trombocyttfunksjonen	N	
trombolyse	N	
trombolysebehandling	N	
trombolytisk	N	
troponin-T	N	
truslene	N	
trusler	N	
trygghetsskapende	N	
trykkreseptorer	N	
tsne	N	
tunet-tilbud	N	
tunghet	N	
tungpust	N	
tungpusten	N	
tungpustet	N	
tungpustete	N	
tungpustethet	N	
tupfer	N	
tupfere	N	
tutine	N	
tvangshjemlen	N	
tvangslovene	N	
tvarig	N	
tverrsnittstudier	N	
tverrsnittsundersøkelser	N	
tyggeevne	N	
tyggeflater	N	
tyggeog	N	
tyngdeloven	N	
tyrkisk-kurdiske	N	
tysk-amerikanske	N	
ubearbeidede	N	
ubehandlet	N	
ubekymret	N	
ubestemthet	N	
udatert	N	
udefinerbare	N	
udiagnostisert	N	
udiagnostiserte	N	
uelatiske	N	
uetisk	N	
uforandret	N	
uførholdsmessig	N	
ukarakteriske	N	
uker-1	N	
umenter	N	
un	N	
underbehandlet	N	
underdiagnostisert	N	
underdosert	N	
underekstremitetene	N	
underernært	N	
underernærte	N	
undergåt	N	
underrapporterer	N	
undervektige	N	
ungmø	N	
unnhulen	N	
unnngå	N	
uopplagthet	N	
uoppnåelige	N	
uopprettelig	N	
uoverkommelig	N	
uoversiktlighet	N	
urdering	N	
uretra	N	
uretritt	N	
urge	N	
urgency	N	
uridom	N	
urinlating	N	
urinlatingen	N	
urinlatinger	N	
urinlatingsbesvær	N	
urinlatingsfunksjon	N	
urinlatingsmekanismene	N	
urinlatingsmønster	N	
urinlatingsmønsteret	N	
urinlatingsog	N	
urinlatingsproblemer	N	
urinlatingstang	N	
urinlatingstrang	N	
urinlatingstrangen	N	
urinlatingsvaner	N	
urinretensjon	N	
urinveiene	N	
urinveier	N	
urinveisobstruksjon	N	
urodynamiske	N	
urografi	N	
uskarpe	N	
uspesifikk	N	
uspesifikke	N	
uspesifikt	N	
uspiselige	N	
ustøhet	N	
ustøheten	N	
ustøhetsproblem	N	
ustoppelig	N	
utadrettet	N	
utadvendt-innadvendt	N	
utagering	N	
utakt	N	
utåndingstiden	N	
utbrenthet	N	
utdanningsmessig	N	
utdypet	N	
uteareal	N	
utearealer	N	
uteii	N	
utemiljøet	N	
utendørsbruk	N	
utenfrablikk	N	
utenlandsfødte	N	
uterullatorer	N	
utførerenheten	N	
utgangpsunkt	N	
utilstrekkelighet	N	
utposninger	N	
utprøvd	N	
utregnet	N	
utreise	N	
utskrivningsklar	N	
utskrivningsklare	N	
utspiler	N	
uttørking	N	
utviklingsmål	N	
utviklingsmessige	N	
utviklingspsykologiske	N	
utviskes	N	
utypiske	N	
uvelkommen	N	
uvirkelighetsfølelse	N	
va	N	
vagusnerven	N	
vaktansvarlige	N	
vaktsomhet	N	
valid	N	
valve	N	
van	N	
vandige	N	
vanemessig	N	
vannoppløselige	N	
varmetap	N	
varselet	N	
varslingssignaler	N	
vaskekremer	N	
væskeretensjon	N	
vaskevannet	N	
vaskevannsfat	N	
vaskulær	N	
vaskulære	N	
ved:måltidet	N	
vedi	N	
vedkommenide	N	
vedtaksmal	N	
veldosert	N	
velprøvde	N	
velregulert	N	
velstelthet	N	
veltilpassede	N	
velutviklet	N	
venekatetre	N	
venøs	N	
venøse	N	
venøst	N	
ventrikkel	N	
ventriklene	N	
ventriklenes	N	
verapamil	N	
verdibasert	N	
verdiløshet	N	
vertigo	N	
vesensforskjellig	N	
vesteuropeiske	N	
vestibulærsansen	N	
vestibulærsystemet	N	
vevet	N	
vevsdød	N	
videreformidling	N	
vikig	N	
viktigeå	N	
viljemessig	N	
viljestyrt	N	
viljestyrte	N	
virkestoff	N	
virkestoffet	N	
virkiiinger	N	
virusinfiserte	N	
viscerale	N	
vishet	N	
visittider	N	
visuospatial	N	
viteriskapelige	N	
vitreum	N	
vn	N	
vo	N	
vorde	N	
vr	N	
vrangfarestillinger	N	
vrangforstillinger	N	
vridende	N	
vurderingskompetarise	N	
vurderirig	N	
vw	N	
warfarin	N	
warfarinbehandling	N	
warning	N	
warning-score	N	
wellbeing	N	
xxxx	N	
your	N	
ytt	N	
ytterstilling	N	
yy	N	
zoledronsyre	N	
zolpidem	N	
zopiklon	N	
